CRASH_DATE,WEATHER_CONDITION,LIGHTING_CONDITION,ROADWAY_SURFACE_COND,ROAD_DEFECT,FIRST_CRASH_TYPE,CRASH_TYPE,LATITUDE,LONGITUDE,BEAT_OF_OCCURRENCE,ALIGNMENT,TRAFFICWAY_TYPE,LANE_CNT,POSTED_SPEED_LIMIT,TRAFFIC_CONTROL_DEVICE,DEVICE_CONDITION,INTERSECTION_RELATED_I,DAMAGE,NUM_UNITS,HIT_AND_RUN_I
2025-02-15T17:40:00.000,Clear,Dusk - Dawn,Dry,No Unusual Condition,Other,Injury (Complaint of Pain),37.780907709172233,-122.39946910271063,South of Market,NOT AVAILABLE,NOT AVAILABLE,NOT AVAILABLE,NOT AVAILABLE,NOT AVAILABLE,NOT AVAILABLE,NOT AVAILABLE,NOT AVAILABLE,NOT AVAILABLE,NOT AVAILABLE
2025-02-15T18:28:00.000,Clear,Dark - Street Lights,Dry,No Unusual Condition,Vehicle/Pedestrian,Injury (Other Visible),37.771578676598537,-122.41127793699350,South of Market,NOT AVAILABLE,NOT AVAILABLE,NOT AVAILABLE,NOT AVAILABLE,NOT AVAILABLE,NOT AVAILABLE,NOT AVAILABLE,NOT AVAILABLE,NOT AVAILABLE,NOT AVAILABLE
2025-02-15T19:46:00.000,Clear,Dark - Street Lights,Dry,No Unusual Condition,Sideswipe,Injury (Other Visible),37.788532970116506,-122.41014644837700,Nob Hill,NOT AVAILABLE,NOT AVAILABLE,NOT AVAILABLE,NOT AVAILABLE,NOT AVAILABLE,NOT AVAILABLE,NOT AVAILABLE,NOT AVAILABLE,NOT AVAILABLE,NOT AVAILABLE
2025-02-15T20:41:00.000,Clear,Dark - Street Lights,Dry,No Unusual Condition,Other,Injury (Severe),37.764722870577565,-122.40352703466856,Potrero Hill,NOT AVAILABLE,NOT AVAILABLE,NOT AVAILABLE,NOT AVAILABLE,NOT AVAILABLE,NOT AVAILABLE,NOT AVAILABLE,NOT AVAILABLE,NOT AVAILABLE,NOT AVAILABLE
2025-02-15T20:57:00.000,Clear,Dark - Street Lights,Dry,No Unusual Condition,Broadside,Injury (Complaint of Pain),37.760427452556890,-122.41096197166030,Mission,NOT AVAILABLE,NOT AVAILABLE,NOT AVAILABLE,NOT AVAILABLE,NOT AVAILABLE,NOT AVAILABLE,NOT AVAILABLE,NOT AVAILABLE,NOT AVAILABLE,NOT AVAILABLE
2025-02-16T02:23:00.000,Clear,Dark - Street Lights,Dry,No Unusual Condition,Broadside,Injury (Complaint of Pain),37.789366549549371,-122.42249374819050,Western Addition,NOT AVAILABLE,NOT AVAILABLE,NOT AVAILABLE,NOT AVAILABLE,NOT AVAILABLE,NOT AVAILABLE,NOT AVAILABLE,NOT AVAILABLE,NOT AVAILABLE,NOT AVAILABLE
2025-02-16T10:20:00.000,Clear,Daylight,Dry,Obstruction on Roadway,Hit Object,Injury (Other Visible),37.733714548055300,-122.37878416665164,Bayview Hunters Point,NOT AVAILABLE,NOT AVAILABLE,NOT AVAILABLE,NOT AVAILABLE,NOT AVAILABLE,NOT AVAILABLE,NOT AVAILABLE,NOT AVAILABLE,NOT AVAILABLE,NOT AVAILABLE
2025-02-16T12:30:00.000,Clear,Daylight,Dry,No Unusual Condition,Sideswipe,Injury (Severe),37.780005868542233,-122.41193340891023,South of Market,NOT AVAILABLE,NOT AVAILABLE,NOT AVAILABLE,NOT AVAILABLE,NOT AVAILABLE,NOT AVAILABLE,NOT AVAILABLE,NOT AVAILABLE,NOT AVAILABLE,NOT AVAILABLE
2025-02-16T14:30:00.000,Clear,Daylight,Dry,No Unusual Condition,Rear End,Injury (Complaint of Pain),37.784073271678018,-122.41093796425000,Tenderloin,NOT AVAILABLE,NOT AVAILABLE,NOT AVAILABLE,NOT AVAILABLE,NOT AVAILABLE,NOT AVAILABLE,NOT AVAILABLE,NOT AVAILABLE,NOT AVAILABLE,NOT AVAILABLE
2025-02-16T14:51:00.000,Clear,Daylight,Dry,No Unusual Condition,Broadside,Injury (Complaint of Pain),37.735182602317742,-122.50121108253359,Lakeshore,NOT AVAILABLE,NOT AVAILABLE,NOT AVAILABLE,NOT AVAILABLE,NOT AVAILABLE,NOT AVAILABLE,NOT AVAILABLE,NOT AVAILABLE,NOT AVAILABLE,NOT AVAILABLE
2025-02-16T16:51:00.000,Clear,Daylight,Dry,No Unusual Condition,Vehicle/Pedestrian,Injury (Complaint of Pain),37.764379370876156,-122.38791681144873,Mission Bay,NOT AVAILABLE,NOT AVAILABLE,NOT AVAILABLE,NOT AVAILABLE,NOT AVAILABLE,NOT AVAILABLE,NOT AVAILABLE,NOT AVAILABLE,NOT AVAILABLE,NOT AVAILABLE
2025-02-16T19:05:00.000,Clear,Dark - Street Lights,Dry,No Unusual Condition,Vehicle/Pedestrian,Injury (Complaint of Pain),37.779504087536004,-122.49759171485512,Outer Richmond,NOT AVAILABLE,NOT AVAILABLE,NOT AVAILABLE,NOT AVAILABLE,NOT AVAILABLE,NOT AVAILABLE,NOT AVAILABLE,NOT AVAILABLE,NOT AVAILABLE,NOT AVAILABLE
2025-02-16T20:00:00.000,Clear,Dark - Street Lights,Dry,No Unusual Condition,Head-On,Injury (Other Visible),37.726568032606323,-122.38117742107315,Bayview Hunters Point,NOT AVAILABLE,NOT AVAILABLE,NOT AVAILABLE,NOT AVAILABLE,NOT AVAILABLE,NOT AVAILABLE,NOT AVAILABLE,NOT AVAILABLE,NOT AVAILABLE,NOT AVAILABLE
2025-02-16T21:09:00.000,Clear,Dark - Street Lights,Dry,No Unusual Condition,Broadside,Injury (Severe),37.770101719346833,-122.42002046281867,Mission,NOT AVAILABLE,NOT AVAILABLE,NOT AVAILABLE,NOT AVAILABLE,NOT AVAILABLE,NOT AVAILABLE,NOT AVAILABLE,NOT AVAILABLE,NOT AVAILABLE,NOT AVAILABLE
2025-02-16T23:40:00.000,Clear,Dark - Street Lights,Dry,No Unusual Condition,Hit Object,Injury (Complaint of Pain),37.729596662759995,-122.49346993351449,Lakeshore,NOT AVAILABLE,NOT AVAILABLE,NOT AVAILABLE,NOT AVAILABLE,NOT AVAILABLE,NOT AVAILABLE,NOT AVAILABLE,NOT AVAILABLE,NOT AVAILABLE,NOT AVAILABLE
2025-02-17T00:55:00.000,Clear,Dark - Street Lights,Dry,No Unusual Condition,Sideswipe,Injury (Complaint of Pain),37.794778051442975,-122.42353489532077,Pacific Heights,NOT AVAILABLE,NOT AVAILABLE,NOT AVAILABLE,NOT AVAILABLE,NOT AVAILABLE,NOT AVAILABLE,NOT AVAILABLE,NOT AVAILABLE,NOT AVAILABLE,NOT AVAILABLE
2025-02-17T04:04:00.000,Clear,Dark - Street Lights,Dry,No Unusual Condition,Overturned,Injury (Other Visible),37.787149144242250,-122.40987401662983,Tenderloin,NOT AVAILABLE,NOT AVAILABLE,NOT AVAILABLE,NOT AVAILABLE,NOT AVAILABLE,NOT AVAILABLE,NOT AVAILABLE,NOT AVAILABLE,NOT AVAILABLE,NOT AVAILABLE
2025-02-17T12:40:00.000,Clear,Daylight,Dry,No Unusual Condition,Vehicle/Pedestrian,Injury (Complaint of Pain),37.784448890619935,-122.47258586834825,Inner Richmond,NOT AVAILABLE,NOT AVAILABLE,NOT AVAILABLE,NOT AVAILABLE,NOT AVAILABLE,NOT AVAILABLE,NOT AVAILABLE,NOT AVAILABLE,NOT AVAILABLE,NOT AVAILABLE
2025-02-17T13:50:00.000,Clear,Daylight,Dry,No Unusual Condition,Head-On,Injury (Other Visible),37.743051204888481,-122.40524238656822,Bernal Heights,NOT AVAILABLE,NOT AVAILABLE,NOT AVAILABLE,NOT AVAILABLE,NOT AVAILABLE,NOT AVAILABLE,NOT AVAILABLE,NOT AVAILABLE,NOT AVAILABLE,NOT AVAILABLE
2025-02-18T08:55:00.000,Clear,Daylight,Dry,Construction or Repair Zone,Sideswipe,Injury (Complaint of Pain),37.783991487573395,-122.40806654609104,South of Market,NOT AVAILABLE,NOT AVAILABLE,NOT AVAILABLE,NOT AVAILABLE,NOT AVAILABLE,NOT AVAILABLE,NOT AVAILABLE,NOT AVAILABLE,NOT AVAILABLE,NOT AVAILABLE
2025-02-18T10:23:00.000,Clear,Daylight,Dry,No Unusual Condition,Rear End,Injury (Complaint of Pain),37.763605965641617,-122.47715271082964,Sunset/Parkside,NOT AVAILABLE,NOT AVAILABLE,NOT AVAILABLE,NOT AVAILABLE,NOT AVAILABLE,NOT AVAILABLE,NOT AVAILABLE,NOT AVAILABLE,NOT AVAILABLE,NOT AVAILABLE
2025-02-18T15:21:00.000,Clear,Daylight,Dry,No Unusual Condition,Broadside,Injury (Other Visible),37.709946203412684,-122.44930866701058,Outer Mission,NOT AVAILABLE,NOT AVAILABLE,NOT AVAILABLE,NOT AVAILABLE,NOT AVAILABLE,NOT AVAILABLE,NOT AVAILABLE,NOT AVAILABLE,NOT AVAILABLE,NOT AVAILABLE
2025-02-18T16:08:00.000,Clear,Daylight,Dry,No Unusual Condition,Vehicle/Pedestrian,Injury (Other Visible),37.727288327862105,-122.40492246394203,Portola,NOT AVAILABLE,NOT AVAILABLE,NOT AVAILABLE,NOT AVAILABLE,NOT AVAILABLE,NOT AVAILABLE,NOT AVAILABLE,NOT AVAILABLE,NOT AVAILABLE,NOT AVAILABLE
2025-02-18T16:14:00.000,Clear,Daylight,Dry,No Unusual Condition,Rear End,Injury (Complaint of Pain),37.723059262261900,-122.43582853186084,Excelsior,NOT AVAILABLE,NOT AVAILABLE,NOT AVAILABLE,NOT AVAILABLE,NOT AVAILABLE,NOT AVAILABLE,NOT AVAILABLE,NOT AVAILABLE,NOT AVAILABLE,NOT AVAILABLE
2025-02-18T17:45:00.000,Clear,Dusk - Dawn,Dry,No Unusual Condition,Vehicle/Pedestrian,Injury (Other Visible),37.785459342420424,-122.43820638212595,Pacific Heights,NOT AVAILABLE,NOT AVAILABLE,NOT AVAILABLE,NOT AVAILABLE,NOT AVAILABLE,NOT AVAILABLE,NOT AVAILABLE,NOT AVAILABLE,NOT AVAILABLE,NOT AVAILABLE
2025-02-19T02:01:00.000,Clear,Dark - Street Lights,Dry,No Unusual Condition,Broadside,Injury (Other Visible),37.784254997345563,-122.41097459436885,Tenderloin,NOT AVAILABLE,NOT AVAILABLE,NOT AVAILABLE,NOT AVAILABLE,NOT AVAILABLE,NOT AVAILABLE,NOT AVAILABLE,NOT AVAILABLE,NOT AVAILABLE,NOT AVAILABLE
2025-02-19T03:40:00.000,Clear,Dark - Street Lights,Dry,No Unusual Condition,Head-On,Injury (Other Visible),37.783486439145847,-122.41925743339986,Tenderloin,NOT AVAILABLE,NOT AVAILABLE,NOT AVAILABLE,NOT AVAILABLE,NOT AVAILABLE,NOT AVAILABLE,NOT AVAILABLE,NOT AVAILABLE,NOT AVAILABLE,NOT AVAILABLE
2025-02-19T12:15:00.000,Cloudy,Daylight,Wet,Reduced Roadway Width,Head-On,Injury (Other Visible),37.776937786987347,-122.39037554398834,Mission Bay,NOT AVAILABLE,NOT AVAILABLE,NOT AVAILABLE,NOT AVAILABLE,NOT AVAILABLE,NOT AVAILABLE,NOT AVAILABLE,NOT AVAILABLE,NOT AVAILABLE,NOT AVAILABLE
2025-02-19T13:04:00.000,Cloudy,Daylight,Wet,No Unusual Condition,Head-On,Injury (Complaint of Pain),37.754083219694060,-122.41861762082567,Mission,NOT AVAILABLE,NOT AVAILABLE,NOT AVAILABLE,NOT AVAILABLE,NOT AVAILABLE,NOT AVAILABLE,NOT AVAILABLE,NOT AVAILABLE,NOT AVAILABLE,NOT AVAILABLE
2025-02-19T16:40:00.000,Clear,Daylight,Dry,No Unusual Condition,Broadside,Injury (Other Visible),37.728171296695834,-122.43497335350325,Outer Mission,NOT AVAILABLE,NOT AVAILABLE,NOT AVAILABLE,NOT AVAILABLE,NOT AVAILABLE,NOT AVAILABLE,NOT AVAILABLE,NOT AVAILABLE,NOT AVAILABLE,NOT AVAILABLE
2025-02-19T20:40:00.000,Clear,Dark - Street Lights,Dry,No Unusual Condition,Vehicle/Pedestrian,Injury (Complaint of Pain),37.751956339134331,-122.42287104388336,Mission,NOT AVAILABLE,NOT AVAILABLE,NOT AVAILABLE,NOT AVAILABLE,NOT AVAILABLE,NOT AVAILABLE,NOT AVAILABLE,NOT AVAILABLE,NOT AVAILABLE,NOT AVAILABLE
2025-02-19T21:45:00.000,Clear,Dark - Street Lights,Dry,No Unusual Condition,Head-On,Injury (Complaint of Pain),37.797501677635516,-122.39630175221706,Financial District/South Beach,NOT AVAILABLE,NOT AVAILABLE,NOT AVAILABLE,NOT AVAILABLE,NOT AVAILABLE,NOT AVAILABLE,NOT AVAILABLE,NOT AVAILABLE,NOT AVAILABLE,NOT AVAILABLE
2025-02-20T11:40:00.000,Clear,Daylight,Dry,No Unusual Condition,Broadside,Injury (Complaint of Pain),37.731857470378856,-122.38716651247231,Bayview Hunters Point,NOT AVAILABLE,NOT AVAILABLE,NOT AVAILABLE,NOT AVAILABLE,NOT AVAILABLE,NOT AVAILABLE,NOT AVAILABLE,NOT AVAILABLE,NOT AVAILABLE,NOT AVAILABLE
2025-02-20T13:39:00.000,Clear,Daylight,Dry,No Unusual Condition,Broadside,Injury (Other Visible),37.788598204482433,-122.41354144087951,Nob Hill,NOT AVAILABLE,NOT AVAILABLE,NOT AVAILABLE,NOT AVAILABLE,NOT AVAILABLE,NOT AVAILABLE,NOT AVAILABLE,NOT AVAILABLE,NOT AVAILABLE,NOT AVAILABLE
2025-02-20T18:08:00.000,Clear,Dark - Street Lights,Dry,No Unusual Condition,Head-On,Injury (Other Visible),37.756919019927764,-122.40084418765575,Potrero Hill,NOT AVAILABLE,NOT AVAILABLE,NOT AVAILABLE,NOT AVAILABLE,NOT AVAILABLE,NOT AVAILABLE,NOT AVAILABLE,NOT AVAILABLE,NOT AVAILABLE,NOT AVAILABLE
2025-02-20T18:50:00.000,Clear,Dark - No Street Lights,Dry,No Unusual Condition,Broadside,Injury (Complaint of Pain),37.709933074727928,-122.49800682388332,Lakeshore,NOT AVAILABLE,NOT AVAILABLE,NOT AVAILABLE,NOT AVAILABLE,NOT AVAILABLE,NOT AVAILABLE,NOT AVAILABLE,NOT AVAILABLE,NOT AVAILABLE,NOT AVAILABLE
2025-02-20T21:47:00.000,Clear,Dark - Street Lights,Dry,No Unusual Condition,Broadside,Injury (Complaint of Pain),37.748294324505586,-122.40906729146350,Bernal Heights,NOT AVAILABLE,NOT AVAILABLE,NOT AVAILABLE,NOT AVAILABLE,NOT AVAILABLE,NOT AVAILABLE,NOT AVAILABLE,NOT AVAILABLE,NOT AVAILABLE,NOT AVAILABLE
2025-02-20T22:10:00.000,Clear,Dark - Street Lights,Dry,No Unusual Condition,Head-On,Injury (Complaint of Pain),37.780926855462752,-122.41367636064867,Tenderloin,NOT AVAILABLE,NOT AVAILABLE,NOT AVAILABLE,NOT AVAILABLE,NOT AVAILABLE,NOT AVAILABLE,NOT AVAILABLE,NOT AVAILABLE,NOT AVAILABLE,NOT AVAILABLE
2025-02-21T02:39:00.000,Clear,Dark - Street Lights,Dry,No Unusual Condition,Sideswipe,Injury (Complaint of Pain),37.757269597287639,-122.41500783236818,Mission,NOT AVAILABLE,NOT AVAILABLE,NOT AVAILABLE,NOT AVAILABLE,NOT AVAILABLE,NOT AVAILABLE,NOT AVAILABLE,NOT AVAILABLE,NOT AVAILABLE,NOT AVAILABLE
2025-02-21T07:40:00.000,Clear,Daylight,Dry,No Unusual Condition,Broadside,Injury (Complaint of Pain),37.765783298781656,-122.40753422960650,Mission,NOT AVAILABLE,NOT AVAILABLE,NOT AVAILABLE,NOT AVAILABLE,NOT AVAILABLE,NOT AVAILABLE,NOT AVAILABLE,NOT AVAILABLE,NOT AVAILABLE,NOT AVAILABLE
2025-02-21T08:36:00.000,Clear,Daylight,Dry,No Unusual Condition,Broadside,Injury (Complaint of Pain),37.753390259852580,-122.49576028894265,Sunset/Parkside,NOT AVAILABLE,NOT AVAILABLE,NOT AVAILABLE,NOT AVAILABLE,NOT AVAILABLE,NOT AVAILABLE,NOT AVAILABLE,NOT AVAILABLE,NOT AVAILABLE,NOT AVAILABLE
2025-02-21T15:08:00.000,Clear,Daylight,Dry,No Unusual Condition,Broadside,Injury (Complaint of Pain),37.796687653466641,-122.40842760627933,Chinatown,NOT AVAILABLE,NOT AVAILABLE,NOT AVAILABLE,NOT AVAILABLE,NOT AVAILABLE,NOT AVAILABLE,NOT AVAILABLE,NOT AVAILABLE,NOT AVAILABLE,NOT AVAILABLE
2025-02-21T15:25:00.000,Clear,Daylight,Dry,Not Stated,Rear End,Injury (Complaint of Pain),37.800783841861879,-122.39916080072268,Financial District/South Beach,NOT AVAILABLE,NOT AVAILABLE,NOT AVAILABLE,NOT AVAILABLE,NOT AVAILABLE,NOT AVAILABLE,NOT AVAILABLE,NOT AVAILABLE,NOT AVAILABLE,NOT AVAILABLE
2025-02-21T18:15:00.000,Clear,Dusk - Dawn,Dry,No Unusual Condition,Vehicle/Pedestrian,Injury (Complaint of Pain),37.757949677692821,-122.41895978700025,Mission,NOT AVAILABLE,NOT AVAILABLE,NOT AVAILABLE,NOT AVAILABLE,NOT AVAILABLE,NOT AVAILABLE,NOT AVAILABLE,NOT AVAILABLE,NOT AVAILABLE,NOT AVAILABLE
2025-02-22T02:25:00.000,Clear,Dark - Street Lights,Dry,No Unusual Condition,Sideswipe,Injury (Complaint of Pain),37.774824794785779,-122.42413649922550,Hayes Valley,NOT AVAILABLE,NOT AVAILABLE,NOT AVAILABLE,NOT AVAILABLE,NOT AVAILABLE,NOT AVAILABLE,NOT AVAILABLE,NOT AVAILABLE,NOT AVAILABLE,NOT AVAILABLE
2025-02-22T07:01:00.000,Clear,Daylight,Dry,No Unusual Condition,Rear End,Injury (Complaint of Pain),37.796300920939331,-122.39729904727145,Financial District/South Beach,NOT AVAILABLE,NOT AVAILABLE,NOT AVAILABLE,NOT AVAILABLE,NOT AVAILABLE,NOT AVAILABLE,NOT AVAILABLE,NOT AVAILABLE,NOT AVAILABLE,NOT AVAILABLE
2025-02-22T10:30:00.000,Clear,Daylight,Dry,No Unusual Condition,Sideswipe,Injury (Complaint of Pain),37.772103907992822,-122.43046811101223,Hayes Valley,NOT AVAILABLE,NOT AVAILABLE,NOT AVAILABLE,NOT AVAILABLE,NOT AVAILABLE,NOT AVAILABLE,NOT AVAILABLE,NOT AVAILABLE,NOT AVAILABLE,NOT AVAILABLE
2025-02-22T12:59:00.000,Clear,Daylight,Dry,No Unusual Condition,Broadside,Injury (Complaint of Pain),37.754098882407476,-122.41423350926262,Mission,NOT AVAILABLE,NOT AVAILABLE,NOT AVAILABLE,NOT AVAILABLE,NOT AVAILABLE,NOT AVAILABLE,NOT AVAILABLE,NOT AVAILABLE,NOT AVAILABLE,NOT AVAILABLE
2025-02-22T13:11:00.000,Clear,Daylight,Dry,No Unusual Condition,Sideswipe,Injury (Other Visible),37.762670707771306,-122.43518796282125,Castro/Upper Market,NOT AVAILABLE,NOT AVAILABLE,NOT AVAILABLE,NOT AVAILABLE,NOT AVAILABLE,NOT AVAILABLE,NOT AVAILABLE,NOT AVAILABLE,NOT AVAILABLE,NOT AVAILABLE
2025-02-22T15:00:00.000,Clear,Daylight,Dry,No Unusual Condition,Sideswipe,Injury (Complaint of Pain),37.808421059996611,-122.41416443330884,North Beach,NOT AVAILABLE,NOT AVAILABLE,NOT AVAILABLE,NOT AVAILABLE,NOT AVAILABLE,NOT AVAILABLE,NOT AVAILABLE,NOT AVAILABLE,NOT AVAILABLE,NOT AVAILABLE
2025-02-22T19:37:00.000,Clear,Dark - Street Lights,Dry,No Unusual Condition,Broadside,Injury (Complaint of Pain),37.720033302115600,-122.45613349880406,Oceanview/Merced/Ingleside,NOT AVAILABLE,NOT AVAILABLE,NOT AVAILABLE,NOT AVAILABLE,NOT AVAILABLE,NOT AVAILABLE,NOT AVAILABLE,NOT AVAILABLE,NOT AVAILABLE,NOT AVAILABLE
2025-02-23T03:21:00.000,Fog,Dark - No Street Lights,Dry,No Unusual Condition,Other,Injury (Complaint of Pain),37.771276074415134,-122.47414044614497,Golden Gate Park,NOT AVAILABLE,NOT AVAILABLE,NOT AVAILABLE,NOT AVAILABLE,NOT AVAILABLE,NOT AVAILABLE,NOT AVAILABLE,NOT AVAILABLE,NOT AVAILABLE,NOT AVAILABLE
2025-02-23T14:05:00.000,Clear,Daylight,Dry,Not Stated,Sideswipe,Injury (Complaint of Pain),37.785996235828129,-122.41132558183952,Tenderloin,NOT AVAILABLE,NOT AVAILABLE,NOT AVAILABLE,NOT AVAILABLE,NOT AVAILABLE,NOT AVAILABLE,NOT AVAILABLE,NOT AVAILABLE,NOT AVAILABLE,NOT AVAILABLE
2025-02-23T19:45:00.000,Clear,Dark - Street Lights,Dry,No Unusual Condition,Broadside,Injury (Complaint of Pain),37.807690494230748,-122.41232955786568,North Beach,NOT AVAILABLE,NOT AVAILABLE,NOT AVAILABLE,NOT AVAILABLE,NOT AVAILABLE,NOT AVAILABLE,NOT AVAILABLE,NOT AVAILABLE,NOT AVAILABLE,NOT AVAILABLE
2025-02-23T20:30:00.000,Clear,Dark - Street Lights,Dry,No Unusual Condition,Rear End,Injury (Complaint of Pain),37.766062486487087,-122.47736282965313,Golden Gate Park,NOT AVAILABLE,NOT AVAILABLE,NOT AVAILABLE,NOT AVAILABLE,NOT AVAILABLE,NOT AVAILABLE,NOT AVAILABLE,NOT AVAILABLE,NOT AVAILABLE,NOT AVAILABLE
2025-02-23T20:41:00.000,Clear,Dark - Street Lights,Dry,No Unusual Condition,Rear End,Injury (Other Visible),37.759720429991305,-122.41696395693424,Mission,NOT AVAILABLE,NOT AVAILABLE,NOT AVAILABLE,NOT AVAILABLE,NOT AVAILABLE,NOT AVAILABLE,NOT AVAILABLE,NOT AVAILABLE,NOT AVAILABLE,NOT AVAILABLE
2025-02-24T07:10:00.000,Fog,Dusk - Dawn,Wet,No Unusual Condition,Broadside,Injury (Other Visible),37.765295098574605,-122.44193191300150,Castro/Upper Market,NOT AVAILABLE,NOT AVAILABLE,NOT AVAILABLE,NOT AVAILABLE,NOT AVAILABLE,NOT AVAILABLE,NOT AVAILABLE,NOT AVAILABLE,NOT AVAILABLE,NOT AVAILABLE
2025-02-24T08:55:00.000,Clear,Daylight,Dry,No Unusual Condition,Sideswipe,Injury (Complaint of Pain),37.774197653314715,-122.43768507453300,Hayes Valley,NOT AVAILABLE,NOT AVAILABLE,NOT AVAILABLE,NOT AVAILABLE,NOT AVAILABLE,NOT AVAILABLE,NOT AVAILABLE,NOT AVAILABLE,NOT AVAILABLE,NOT AVAILABLE
2025-02-24T10:04:00.000,Clear,Daylight,Dry,No Unusual Condition,Vehicle/Pedestrian,Injury (Complaint of Pain),37.712412077897490,-122.46709348393696,Oceanview/Merced/Ingleside,NOT AVAILABLE,NOT AVAILABLE,NOT AVAILABLE,NOT AVAILABLE,NOT AVAILABLE,NOT AVAILABLE,NOT AVAILABLE,NOT AVAILABLE,NOT AVAILABLE,NOT AVAILABLE
2025-02-24T12:29:00.000,Clear,Daylight,Dry,No Unusual Condition,Broadside,Injury (Complaint of Pain),37.781821961735950,-122.44405435472588,Lone Mountain/USF,NOT AVAILABLE,NOT AVAILABLE,NOT AVAILABLE,NOT AVAILABLE,NOT AVAILABLE,NOT AVAILABLE,NOT AVAILABLE,NOT AVAILABLE,NOT AVAILABLE,NOT AVAILABLE
2025-02-24T19:21:00.000,Other,Dark - Street Lights,Wet,No Unusual Condition,Vehicle/Pedestrian,Injury (Complaint of Pain),37.722966571703850,-122.44474662404417,Outer Mission,NOT AVAILABLE,NOT AVAILABLE,NOT AVAILABLE,NOT AVAILABLE,NOT AVAILABLE,NOT AVAILABLE,NOT AVAILABLE,NOT AVAILABLE,NOT AVAILABLE,NOT AVAILABLE
2025-02-24T20:04:00.000,Clear,Dark - Street Lights,Dry,No Unusual Condition,Broadside,Injury (Complaint of Pain),37.791842090943661,-122.39494023739532,Financial District/South Beach,NOT AVAILABLE,NOT AVAILABLE,NOT AVAILABLE,NOT AVAILABLE,NOT AVAILABLE,NOT AVAILABLE,NOT AVAILABLE,NOT AVAILABLE,NOT AVAILABLE,NOT AVAILABLE
2025-02-25T08:21:00.000,Clear,Daylight,Dry,No Unusual Condition,Vehicle/Pedestrian,Injury (Complaint of Pain),37.735369870302179,-122.42470256182199,Bernal Heights,NOT AVAILABLE,NOT AVAILABLE,NOT AVAILABLE,NOT AVAILABLE,NOT AVAILABLE,NOT AVAILABLE,NOT AVAILABLE,NOT AVAILABLE,NOT AVAILABLE,NOT AVAILABLE
2025-02-25T08:50:00.000,Clear,Daylight,Dry,No Unusual Condition,Broadside,Injury (Complaint of Pain),37.761464421239232,-122.48235210058891,Sunset/Parkside,NOT AVAILABLE,NOT AVAILABLE,NOT AVAILABLE,NOT AVAILABLE,NOT AVAILABLE,NOT AVAILABLE,NOT AVAILABLE,NOT AVAILABLE,NOT AVAILABLE,NOT AVAILABLE
2025-02-25T08:57:00.000,Clear,Daylight,Dry,No Unusual Condition,Vehicle/Pedestrian,Injury (Complaint of Pain),37.782850480964008,-122.46653503215531,Inner Richmond,NOT AVAILABLE,NOT AVAILABLE,NOT AVAILABLE,NOT AVAILABLE,NOT AVAILABLE,NOT AVAILABLE,NOT AVAILABLE,NOT AVAILABLE,NOT AVAILABLE,NOT AVAILABLE
2025-02-25T11:58:00.000,Clear,Daylight,Dry,No Unusual Condition,Sideswipe,Injury (Complaint of Pain),37.778749531301976,-122.44603482522957,Lone Mountain/USF,NOT AVAILABLE,NOT AVAILABLE,NOT AVAILABLE,NOT AVAILABLE,NOT AVAILABLE,NOT AVAILABLE,NOT AVAILABLE,NOT AVAILABLE,NOT AVAILABLE,NOT AVAILABLE
2025-02-25T16:15:00.000,Clear,Daylight,Dry,No Unusual Condition,Head-On,Injury (Severe),37.800831913442877,-122.44769506728316,Presidio,NOT AVAILABLE,NOT AVAILABLE,NOT AVAILABLE,NOT AVAILABLE,NOT AVAILABLE,NOT AVAILABLE,NOT AVAILABLE,NOT AVAILABLE,NOT AVAILABLE,NOT AVAILABLE
2025-02-26T07:50:00.000,Clear,Daylight,Dry,No Unusual Condition,Broadside,Injury (Other Visible),37.804145845023363,-122.42510952110356,Russian Hill,NOT AVAILABLE,NOT AVAILABLE,NOT AVAILABLE,NOT AVAILABLE,NOT AVAILABLE,NOT AVAILABLE,NOT AVAILABLE,NOT AVAILABLE,NOT AVAILABLE,NOT AVAILABLE
2025-02-26T09:04:00.000,Clear,Daylight,Dry,No Unusual Condition,Broadside,Injury (Severe),37.772638737758363,-122.42626352010231,Hayes Valley,NOT AVAILABLE,NOT AVAILABLE,NOT AVAILABLE,NOT AVAILABLE,NOT AVAILABLE,NOT AVAILABLE,NOT AVAILABLE,NOT AVAILABLE,NOT AVAILABLE,NOT AVAILABLE
2025-02-26T09:11:00.000,Clear,Daylight,Dry,No Unusual Condition,Broadside,Injury (Complaint of Pain),37.776660986592738,-122.41215795359528,South of Market,NOT AVAILABLE,NOT AVAILABLE,NOT AVAILABLE,NOT AVAILABLE,NOT AVAILABLE,NOT AVAILABLE,NOT AVAILABLE,NOT AVAILABLE,NOT AVAILABLE,NOT AVAILABLE
2025-02-26T10:21:00.000,Clear,Daylight,Dry,No Unusual Condition,Broadside,Injury (Other Visible),37.781717428266369,-122.45317038787310,Presidio Heights,NOT AVAILABLE,NOT AVAILABLE,NOT AVAILABLE,NOT AVAILABLE,NOT AVAILABLE,NOT AVAILABLE,NOT AVAILABLE,NOT AVAILABLE,NOT AVAILABLE,NOT AVAILABLE