CRASH_DATE,WEATHER_CONDITION,LIGHTING_CONDITION,ROADWAY_SURFACE_COND,ROAD_DEFECT,FIRST_CRASH_TYPE,CRASH_TYPE,LATITUDE,LONGITUDE,BEAT_OF_OCCURRENCE,ALIGNMENT,TRAFFICWAY_TYPE,LANE_CNT,POSTED_SPEED_LIMIT,TRAFFIC_CONTROL_DEVICE,DEVICE_CONDITION,INTERSECTION_RELATED_I,DAMAGE,NUM_UNITS,HIT_AND_RUN_I
2025-08-22T23:54:00.000,Clear,Dark - Street Lights,Dry,No Unusual Condition,Rear End,Injury (Complaint of Pain),37.769892838531867,-122.42197195362849,Mission,NOT AVAILABLE,NOT AVAILABLE,NOT AVAILABLE,NOT AVAILABLE,NOT AVAILABLE,NOT AVAILABLE,NOT AVAILABLE,NOT AVAILABLE,NOT AVAILABLE,NOT AVAILABLE
2025-08-23T00:14:00.000,Fog,Dark - Street Lights,Dry,No Unusual Condition,Rear End,Injury (Complaint of Pain),37.764679786086312,-122.51030830708849,Golden Gate Park,NOT AVAILABLE,NOT AVAILABLE,NOT AVAILABLE,NOT AVAILABLE,NOT AVAILABLE,NOT AVAILABLE,NOT AVAILABLE,NOT AVAILABLE,NOT AVAILABLE,NOT AVAILABLE
2025-08-23T01:26:00.000,Clear,Dark - Street Lights,Dry,No Unusual Condition,Vehicle/Pedestrian,Injury (Other Visible),37.793565083741600,-122.40461342124057,Chinatown,NOT AVAILABLE,NOT AVAILABLE,NOT AVAILABLE,NOT AVAILABLE,NOT AVAILABLE,NOT AVAILABLE,NOT AVAILABLE,NOT AVAILABLE,NOT AVAILABLE,NOT AVAILABLE
2025-08-23T11:08:00.000,Clear,Daylight,Dry,No Unusual Condition,Vehicle/Pedestrian,Injury (Complaint of Pain),37.788355517432187,-122.41916438409741,Nob Hill,NOT AVAILABLE,NOT AVAILABLE,NOT AVAILABLE,NOT AVAILABLE,NOT AVAILABLE,NOT AVAILABLE,NOT AVAILABLE,NOT AVAILABLE,NOT AVAILABLE,NOT AVAILABLE
2025-08-23T14:21:00.000,Clear,Daylight,Dry,No Unusual Condition,Broadside,Injury (Complaint of Pain),37.772926952722962,-122.42399767180235,Hayes Valley,NOT AVAILABLE,NOT AVAILABLE,NOT AVAILABLE,NOT AVAILABLE,NOT AVAILABLE,NOT AVAILABLE,NOT AVAILABLE,NOT AVAILABLE,NOT AVAILABLE,NOT AVAILABLE
2025-08-23T14:40:00.000,Clear,Daylight,Dry,No Unusual Condition,Broadside,Injury (Other Visible),37.794316986428221,-122.39339763203432,Financial District/South Beach,NOT AVAILABLE,NOT AVAILABLE,NOT AVAILABLE,NOT AVAILABLE,NOT AVAILABLE,NOT AVAILABLE,NOT AVAILABLE,NOT AVAILABLE,NOT AVAILABLE,NOT AVAILABLE
2025-08-23T15:31:00.000,Clear,Daylight,Dry,No Unusual Condition,Not Stated,Injury (Other Visible),37.794421264099900,-122.39467428918068,Financial District/South Beach,NOT AVAILABLE,NOT AVAILABLE,NOT AVAILABLE,NOT AVAILABLE,NOT AVAILABLE,NOT AVAILABLE,NOT AVAILABLE,NOT AVAILABLE,NOT AVAILABLE,NOT AVAILABLE
2025-08-23T15:46:00.000,Clear,Daylight,Not Stated,No Unusual Condition,Hit Object,Injury (Severe),37.806858349784257,-122.40576015491945,North Beach,NOT AVAILABLE,NOT AVAILABLE,NOT AVAILABLE,NOT AVAILABLE,NOT AVAILABLE,NOT AVAILABLE,NOT AVAILABLE,NOT AVAILABLE,NOT AVAILABLE,NOT AVAILABLE
2025-08-23T16:44:00.000,Clear,Daylight,Dry,No Unusual Condition,Head-On,Injury (Complaint of Pain),37.799633930413100,-122.43769470533337,Marina,NOT AVAILABLE,NOT AVAILABLE,NOT AVAILABLE,NOT AVAILABLE,NOT AVAILABLE,NOT AVAILABLE,NOT AVAILABLE,NOT AVAILABLE,NOT AVAILABLE,NOT AVAILABLE
2025-08-23T17:30:00.000,Clear,Daylight,Dry,No Unusual Condition,Broadside,Injury (Other Visible),37.792722754111225,-122.43966588664614,Pacific Heights,NOT AVAILABLE,NOT AVAILABLE,NOT AVAILABLE,NOT AVAILABLE,NOT AVAILABLE,NOT AVAILABLE,NOT AVAILABLE,NOT AVAILABLE,NOT AVAILABLE,NOT AVAILABLE
2025-08-23T21:23:00.000,Clear,Dark - Street Lights,Dry,No Unusual Condition,Rear End,Injury (Complaint of Pain),37.791252845030307,-122.40737691375925,Nob Hill,NOT AVAILABLE,NOT AVAILABLE,NOT AVAILABLE,NOT AVAILABLE,NOT AVAILABLE,NOT AVAILABLE,NOT AVAILABLE,NOT AVAILABLE,NOT AVAILABLE,NOT AVAILABLE
2025-08-23T21:54:00.000,Cloudy,Dark - Street Lights,Dry,No Unusual Condition,Sideswipe,Injury (Complaint of Pain),37.789687695275944,-122.41248558397561,Nob Hill,NOT AVAILABLE,NOT AVAILABLE,NOT AVAILABLE,NOT AVAILABLE,NOT AVAILABLE,NOT AVAILABLE,NOT AVAILABLE,NOT AVAILABLE,NOT AVAILABLE,NOT AVAILABLE
2025-08-23T22:22:00.000,Clear,Dark - Street Lights,Dry,No Unusual Condition,Rear End,Injury (Complaint of Pain),37.755527169681969,-122.41656270696997,Mission,NOT AVAILABLE,NOT AVAILABLE,NOT AVAILABLE,NOT AVAILABLE,NOT AVAILABLE,NOT AVAILABLE,NOT AVAILABLE,NOT AVAILABLE,NOT AVAILABLE,NOT AVAILABLE
2025-08-23T23:40:00.000,Clear,Dark - Street Lights,Dry,No Unusual Condition,Sideswipe,Injury (Other Visible),37.786729745163676,-122.41316144453117,Tenderloin,NOT AVAILABLE,NOT AVAILABLE,NOT AVAILABLE,NOT AVAILABLE,NOT AVAILABLE,NOT AVAILABLE,NOT AVAILABLE,NOT AVAILABLE,NOT AVAILABLE,NOT AVAILABLE
2025-08-24T02:11:00.000,Clear,Daylight,Dry,Not Stated,Broadside,Injury (Other Visible),37.791898939359491,-122.40257133051252,Financial District/South Beach,NOT AVAILABLE,NOT AVAILABLE,NOT AVAILABLE,NOT AVAILABLE,NOT AVAILABLE,NOT AVAILABLE,NOT AVAILABLE,NOT AVAILABLE,NOT AVAILABLE,NOT AVAILABLE
2025-08-24T02:25:00.000,Clear,Dark - Street Lights,Dry,No Unusual Condition,Hit Object,Injury (Other Visible),37.748211321686355,-122.40361752771199,Bayview Hunters Point,NOT AVAILABLE,NOT AVAILABLE,NOT AVAILABLE,NOT AVAILABLE,NOT AVAILABLE,NOT AVAILABLE,NOT AVAILABLE,NOT AVAILABLE,NOT AVAILABLE,NOT AVAILABLE
2025-08-24T15:34:00.000,Clear,Daylight,Dry,No Unusual Condition,Broadside,Injury (Complaint of Pain),37.782509078168118,-122.47411059325304,Outer Richmond,NOT AVAILABLE,NOT AVAILABLE,NOT AVAILABLE,NOT AVAILABLE,NOT AVAILABLE,NOT AVAILABLE,NOT AVAILABLE,NOT AVAILABLE,NOT AVAILABLE,NOT AVAILABLE
2025-08-24T17:11:00.000,Clear,Daylight,Dry,No Unusual Condition,Rear End,Injury (Complaint of Pain),37.769550242432736,-122.41558317478390,Mission,NOT AVAILABLE,NOT AVAILABLE,NOT AVAILABLE,NOT AVAILABLE,NOT AVAILABLE,NOT AVAILABLE,NOT AVAILABLE,NOT AVAILABLE,NOT AVAILABLE,NOT AVAILABLE
2025-08-24T22:34:00.000,Clear,Dark - Street Lights,Dry,No Unusual Condition,Broadside,Injury (Complaint of Pain),37.776221355856720,-122.41160611222804,South of Market,NOT AVAILABLE,NOT AVAILABLE,NOT AVAILABLE,NOT AVAILABLE,NOT AVAILABLE,NOT AVAILABLE,NOT AVAILABLE,NOT AVAILABLE,NOT AVAILABLE,NOT AVAILABLE
2025-08-25T03:44:00.000,Clear,Dark - Street Lights,Dry,No Unusual Condition,Hit Object,Injury (Complaint of Pain),37.774991792008372,-122.41006277063730,South of Market,NOT AVAILABLE,NOT AVAILABLE,NOT AVAILABLE,NOT AVAILABLE,NOT AVAILABLE,NOT AVAILABLE,NOT AVAILABLE,NOT AVAILABLE,NOT AVAILABLE,NOT AVAILABLE
2025-08-25T07:01:00.000,Clear,Daylight,Dry,No Unusual Condition,Head-On,Injury (Other Visible),37.736919371844294,-122.39442749870302,Bayview Hunters Point,NOT AVAILABLE,NOT AVAILABLE,NOT AVAILABLE,NOT AVAILABLE,NOT AVAILABLE,NOT AVAILABLE,NOT AVAILABLE,NOT AVAILABLE,NOT AVAILABLE,NOT AVAILABLE
2025-08-25T08:20:00.000,Clear,Daylight,Dry,No Unusual Condition,Sideswipe,Injury (Complaint of Pain),37.787864277342209,-122.44953781270998,Presidio Heights,NOT AVAILABLE,NOT AVAILABLE,NOT AVAILABLE,NOT AVAILABLE,NOT AVAILABLE,NOT AVAILABLE,NOT AVAILABLE,NOT AVAILABLE,NOT AVAILABLE,NOT AVAILABLE
2025-08-25T12:50:00.000,Clear,Daylight,Dry,No Unusual Condition,Broadside,Injury (Complaint of Pain),37.764737169612282,-122.40255927464332,Potrero Hill,NOT AVAILABLE,NOT AVAILABLE,NOT AVAILABLE,NOT AVAILABLE,NOT AVAILABLE,NOT AVAILABLE,NOT AVAILABLE,NOT AVAILABLE,NOT AVAILABLE,NOT AVAILABLE
2025-08-25T13:00:00.000,Other,Daylight,Dry,Other,Vehicle/Pedestrian,Injury (Severe),,,,NOT AVAILABLE,NOT AVAILABLE,NOT AVAILABLE,NOT AVAILABLE,NOT AVAILABLE,NOT AVAILABLE,NOT AVAILABLE,NOT AVAILABLE,NOT AVAILABLE,NOT AVAILABLE
2025-08-25T15:05:00.000,Clear,Daylight,Dry,No Unusual Condition,Broadside,Injury (Severe),37.773036050954254,-122.42194124753816,Hayes Valley,NOT AVAILABLE,NOT AVAILABLE,NOT AVAILABLE,NOT AVAILABLE,NOT AVAILABLE,NOT AVAILABLE,NOT AVAILABLE,NOT AVAILABLE,NOT AVAILABLE,NOT AVAILABLE
2025-08-25T18:18:00.000,Clear,Daylight,Dry,No Unusual Condition,Sideswipe,Injury (Complaint of Pain),37.786633543117205,-122.39950216268245,Financial District/South Beach,NOT AVAILABLE,NOT AVAILABLE,NOT AVAILABLE,NOT AVAILABLE,NOT AVAILABLE,NOT AVAILABLE,NOT AVAILABLE,NOT AVAILABLE,NOT AVAILABLE,NOT AVAILABLE
2025-08-26T09:22:00.000,Clear,Daylight,Dry,No Unusual Condition,Not Stated,Injury (Other Visible),37.778721513754824,-122.39075443697490,Mission Bay,NOT AVAILABLE,NOT AVAILABLE,NOT AVAILABLE,NOT AVAILABLE,NOT AVAILABLE,NOT AVAILABLE,NOT AVAILABLE,NOT AVAILABLE,NOT AVAILABLE,NOT AVAILABLE
2025-08-26T13:48:00.000,Clear,Daylight,Dry,No Unusual Condition,Rear End,Injury (Complaint of Pain),37.787336819021462,-122.38797682148459,Financial District/South Beach,NOT AVAILABLE,NOT AVAILABLE,NOT AVAILABLE,NOT AVAILABLE,NOT AVAILABLE,NOT AVAILABLE,NOT AVAILABLE,NOT AVAILABLE,NOT AVAILABLE,NOT AVAILABLE
2025-08-26T14:00:00.000,Clear,Daylight,Dry,No Unusual Condition,Hit Object,Injury (Other Visible),37.804633242851928,-122.41002985097541,North Beach,NOT AVAILABLE,NOT AVAILABLE,NOT AVAILABLE,NOT AVAILABLE,NOT AVAILABLE,NOT AVAILABLE,NOT AVAILABLE,NOT AVAILABLE,NOT AVAILABLE,NOT AVAILABLE
2025-08-26T18:16:00.000,Clear,Daylight,Dry,No Unusual Condition,Rear End,Injury (Complaint of Pain),37.780971183063045,-122.40870867353424,South of Market,NOT AVAILABLE,NOT AVAILABLE,NOT AVAILABLE,NOT AVAILABLE,NOT AVAILABLE,NOT AVAILABLE,NOT AVAILABLE,NOT AVAILABLE,NOT AVAILABLE,NOT AVAILABLE
2025-08-26T19:08:00.000,Clear,Daylight,Dry,No Unusual Condition,Vehicle/Pedestrian,Injury (Severe),37.780089730193694,-122.39430003773674,South of Market,NOT AVAILABLE,NOT AVAILABLE,NOT AVAILABLE,NOT AVAILABLE,NOT AVAILABLE,NOT AVAILABLE,NOT AVAILABLE,NOT AVAILABLE,NOT AVAILABLE,NOT AVAILABLE
2025-08-26T20:25:00.000,Clear,Dark - Street Lights,Dry,No Unusual Condition,Sideswipe,Injury (Other Visible),37.765084850321919,-122.42408298634446,Mission,NOT AVAILABLE,NOT AVAILABLE,NOT AVAILABLE,NOT AVAILABLE,NOT AVAILABLE,NOT AVAILABLE,NOT AVAILABLE,NOT AVAILABLE,NOT AVAILABLE,NOT AVAILABLE
2025-08-27T07:50:00.000,Clear,Daylight,Dry,No Unusual Condition,Broadside,Injury (Complaint of Pain),37.753996399103890,-122.41593751954639,Mission,NOT AVAILABLE,NOT AVAILABLE,NOT AVAILABLE,NOT AVAILABLE,NOT AVAILABLE,NOT AVAILABLE,NOT AVAILABLE,NOT AVAILABLE,NOT AVAILABLE,NOT AVAILABLE
2025-08-27T08:12:00.000,Clear,Daylight,Dry,No Unusual Condition,Hit Object,Injury (Other Visible),37.780168244475966,-122.41283568966172,South of Market,NOT AVAILABLE,NOT AVAILABLE,NOT AVAILABLE,NOT AVAILABLE,NOT AVAILABLE,NOT AVAILABLE,NOT AVAILABLE,NOT AVAILABLE,NOT AVAILABLE,NOT AVAILABLE
2025-08-27T09:38:00.000,Clear,Daylight,Dry,No Unusual Condition,Broadside,Injury (Complaint of Pain),37.778507097319924,-122.44794982644349,Lone Mountain/USF,NOT AVAILABLE,NOT AVAILABLE,NOT AVAILABLE,NOT AVAILABLE,NOT AVAILABLE,NOT AVAILABLE,NOT AVAILABLE,NOT AVAILABLE,NOT AVAILABLE,NOT AVAILABLE
2025-08-27T13:20:00.000,Clear,Daylight,Dry,No Unusual Condition,Rear End,Injury (Complaint of Pain),37.774791752531122,-122.42439263951350,Hayes Valley,NOT AVAILABLE,NOT AVAILABLE,NOT AVAILABLE,NOT AVAILABLE,NOT AVAILABLE,NOT AVAILABLE,NOT AVAILABLE,NOT AVAILABLE,NOT AVAILABLE,NOT AVAILABLE
2025-08-27T15:24:00.000,Clear,Daylight,Dry,No Unusual Condition,Sideswipe,Injury (Other Visible),37.778454728974317,-122.42329485297027,Hayes Valley,NOT AVAILABLE,NOT AVAILABLE,NOT AVAILABLE,NOT AVAILABLE,NOT AVAILABLE,NOT AVAILABLE,NOT AVAILABLE,NOT AVAILABLE,NOT AVAILABLE,NOT AVAILABLE
2025-08-27T19:31:00.000,Clear,Daylight,Dry,No Unusual Condition,Broadside,Injury (Other Visible),37.776746108794995,-122.40784206069482,South of Market,NOT AVAILABLE,NOT AVAILABLE,NOT AVAILABLE,NOT AVAILABLE,NOT AVAILABLE,NOT AVAILABLE,NOT AVAILABLE,NOT AVAILABLE,NOT AVAILABLE,NOT AVAILABLE
2025-08-28T04:23:00.000,Clear,Dark - Street Lights,Dry,No Unusual Condition,Broadside,Injury (Complaint of Pain),37.714694513344952,-122.48522893462506,Lakeshore,NOT AVAILABLE,NOT AVAILABLE,NOT AVAILABLE,NOT AVAILABLE,NOT AVAILABLE,NOT AVAILABLE,NOT AVAILABLE,NOT AVAILABLE,NOT AVAILABLE,NOT AVAILABLE
2025-08-28T11:28:00.000,Clear,Daylight,Dry,No Unusual Condition,Other,Injury (Complaint of Pain),37.785979759136900,-122.47927105748998,Outer Richmond,NOT AVAILABLE,NOT AVAILABLE,NOT AVAILABLE,NOT AVAILABLE,NOT AVAILABLE,NOT AVAILABLE,NOT AVAILABLE,NOT AVAILABLE,NOT AVAILABLE,NOT AVAILABLE
2025-08-28T13:18:00.000,Clear,Daylight,Dry,Other,Other,Injury (Complaint of Pain),37.725550052694821,-122.39448202879547,Bayview Hunters Point,NOT AVAILABLE,NOT AVAILABLE,NOT AVAILABLE,NOT AVAILABLE,NOT AVAILABLE,NOT AVAILABLE,NOT AVAILABLE,NOT AVAILABLE,NOT AVAILABLE,NOT AVAILABLE
2025-08-28T15:49:00.000,Clear,Daylight,Dry,No Unusual Condition,Vehicle/Pedestrian,Injury (Other Visible),37.780971183063045,-122.40870867353424,South of Market,NOT AVAILABLE,NOT AVAILABLE,NOT AVAILABLE,NOT AVAILABLE,NOT AVAILABLE,NOT AVAILABLE,NOT AVAILABLE,NOT AVAILABLE,NOT AVAILABLE,NOT AVAILABLE
2025-08-28T16:45:00.000,Clear,Daylight,Dry,No Unusual Condition,Broadside,Injury (Complaint of Pain),37.799275671181896,-122.42581353079173,Marina,NOT AVAILABLE,NOT AVAILABLE,NOT AVAILABLE,NOT AVAILABLE,NOT AVAILABLE,NOT AVAILABLE,NOT AVAILABLE,NOT AVAILABLE,NOT AVAILABLE,NOT AVAILABLE
2025-08-28T17:38:00.000,Clear,Daylight,Dry,No Unusual Condition,Rear End,Injury (Other Visible),37.774299252707415,-122.40162614704484,South of Market,NOT AVAILABLE,NOT AVAILABLE,NOT AVAILABLE,NOT AVAILABLE,NOT AVAILABLE,NOT AVAILABLE,NOT AVAILABLE,NOT AVAILABLE,NOT AVAILABLE,NOT AVAILABLE
2025-08-28T17:53:00.000,Clear,Daylight,Dry,Not Stated,Rear End,Injury (Complaint of Pain),,,,NOT AVAILABLE,NOT AVAILABLE,NOT AVAILABLE,NOT AVAILABLE,NOT AVAILABLE,NOT AVAILABLE,NOT AVAILABLE,NOT AVAILABLE,NOT AVAILABLE,NOT AVAILABLE
2025-08-28T17:54:00.000,Clear,Daylight,Dry,No Unusual Condition,Rear End,Injury (Complaint of Pain),37.736923260248830,-122.46913152595545,West of Twin Peaks,NOT AVAILABLE,NOT AVAILABLE,NOT AVAILABLE,NOT AVAILABLE,NOT AVAILABLE,NOT AVAILABLE,NOT AVAILABLE,NOT AVAILABLE,NOT AVAILABLE,NOT AVAILABLE
2025-08-28T20:28:00.000,Clear,Dark - Street Lights,Dry,No Unusual Condition,Broadside,Injury (Other Visible),37.765940876211538,-122.44998655890471,Haight Ashbury,NOT AVAILABLE,NOT AVAILABLE,NOT AVAILABLE,NOT AVAILABLE,NOT AVAILABLE,NOT AVAILABLE,NOT AVAILABLE,NOT AVAILABLE,NOT AVAILABLE,NOT AVAILABLE
2025-08-29T05:23:00.000,Clear,Dark - Street Lights,Dry,No Unusual Condition,Broadside,Injury (Other Visible),37.784141012546428,-122.41095161857666,Tenderloin,NOT AVAILABLE,NOT AVAILABLE,NOT AVAILABLE,NOT AVAILABLE,NOT AVAILABLE,NOT AVAILABLE,NOT AVAILABLE,NOT AVAILABLE,NOT AVAILABLE,NOT AVAILABLE
2025-08-29T10:40:00.000,Clear,Daylight,Dry,No Unusual Condition,Vehicle/Pedestrian,Injury (Complaint of Pain),37.784784821702090,-122.41276583302940,Tenderloin,NOT AVAILABLE,NOT AVAILABLE,NOT AVAILABLE,NOT AVAILABLE,NOT AVAILABLE,NOT AVAILABLE,NOT AVAILABLE,NOT AVAILABLE,NOT AVAILABLE,NOT AVAILABLE
2025-08-29T12:05:00.000,Clear,Daylight,Dry,No Unusual Condition,Broadside,Injury (Complaint of Pain),37.787663598787724,-122.41335396337803,Tenderloin,NOT AVAILABLE,NOT AVAILABLE,NOT AVAILABLE,NOT AVAILABLE,NOT AVAILABLE,NOT AVAILABLE,NOT AVAILABLE,NOT AVAILABLE,NOT AVAILABLE,NOT AVAILABLE
2025-08-29T21:02:00.000,Clear,Dark - Street Lights,Dry,No Unusual Condition,Head-On,Injury (Complaint of Pain),37.710696661581842,-122.45515782869253,Outer Mission,NOT AVAILABLE,NOT AVAILABLE,NOT AVAILABLE,NOT AVAILABLE,NOT AVAILABLE,NOT AVAILABLE,NOT AVAILABLE,NOT AVAILABLE,NOT AVAILABLE,NOT AVAILABLE
2025-08-29T23:45:00.000,Clear,Dark - Street Lights,Dry,No Unusual Condition,Head-On,Injury (Other Visible),37.748766479607532,-122.40675777707887,Mission,NOT AVAILABLE,NOT AVAILABLE,NOT AVAILABLE,NOT AVAILABLE,NOT AVAILABLE,NOT AVAILABLE,NOT AVAILABLE,NOT AVAILABLE,NOT AVAILABLE,NOT AVAILABLE
2025-08-30T12:39:00.000,Clear,Daylight,Dry,No Unusual Condition,Rear End,Injury (Complaint of Pain),37.743150291361083,-122.42423759459939,Noe Valley,NOT AVAILABLE,NOT AVAILABLE,NOT AVAILABLE,NOT AVAILABLE,NOT AVAILABLE,NOT AVAILABLE,NOT AVAILABLE,NOT AVAILABLE,NOT AVAILABLE,NOT AVAILABLE
2025-08-30T14:24:00.000,Clear,Daylight,Dry,No Unusual Condition,Rear End,Injury (Complaint of Pain),37.765100395904490,-122.41836436670377,Mission,NOT AVAILABLE,NOT AVAILABLE,NOT AVAILABLE,NOT AVAILABLE,NOT AVAILABLE,NOT AVAILABLE,NOT AVAILABLE,NOT AVAILABLE,NOT AVAILABLE,NOT AVAILABLE
2025-08-30T15:07:00.000,Clear,Daylight,Wet,Not Stated,Sideswipe,Injury (Complaint of Pain),37.775272060429842,-122.41590817825966,South of Market,NOT AVAILABLE,NOT AVAILABLE,NOT AVAILABLE,NOT AVAILABLE,NOT AVAILABLE,NOT AVAILABLE,NOT AVAILABLE,NOT AVAILABLE,NOT AVAILABLE,NOT AVAILABLE
2025-08-30T16:40:00.000,Clear,Daylight,Dry,No Unusual Condition,Broadside,Injury (Severe),37.781645584243087,-122.43060919951243,Western Addition,NOT AVAILABLE,NOT AVAILABLE,NOT AVAILABLE,NOT AVAILABLE,NOT AVAILABLE,NOT AVAILABLE,NOT AVAILABLE,NOT AVAILABLE,NOT AVAILABLE,NOT AVAILABLE
2025-08-30T17:20:00.000,Clear,Daylight,Dry,No Unusual Condition,Broadside,Injury (Other Visible),37.791627075174681,-122.41246088167877,Nob Hill,NOT AVAILABLE,NOT AVAILABLE,NOT AVAILABLE,NOT AVAILABLE,NOT AVAILABLE,NOT AVAILABLE,NOT AVAILABLE,NOT AVAILABLE,NOT AVAILABLE,NOT AVAILABLE
2025-08-30T17:20:00.000,Clear,Daylight,Dry,No Unusual Condition,Broadside,Injury (Other Visible),37.776660986592738,-122.41215795359528,South of Market,NOT AVAILABLE,NOT AVAILABLE,NOT AVAILABLE,NOT AVAILABLE,NOT AVAILABLE,NOT AVAILABLE,NOT AVAILABLE,NOT AVAILABLE,NOT AVAILABLE,NOT AVAILABLE
2025-08-30T19:10:00.000,Clear,Daylight,Dry,No Unusual Condition,Broadside,Injury (Other Visible),37.780762187806587,-122.39033136707251,Mission Bay,NOT AVAILABLE,NOT AVAILABLE,NOT AVAILABLE,NOT AVAILABLE,NOT AVAILABLE,NOT AVAILABLE,NOT AVAILABLE,NOT AVAILABLE,NOT AVAILABLE,NOT AVAILABLE
2025-08-30T23:18:00.000,Clear,Dark - Street Lights,Dry,No Unusual Condition,Rear End,Injury (Complaint of Pain),37.752239454380600,-122.41844527035366,Mission,NOT AVAILABLE,NOT AVAILABLE,NOT AVAILABLE,NOT AVAILABLE,NOT AVAILABLE,NOT AVAILABLE,NOT AVAILABLE,NOT AVAILABLE,NOT AVAILABLE,NOT AVAILABLE
2025-08-31T12:29:00.000,Clear,Daylight,Dry,No Unusual Condition,Sideswipe,Injury (Complaint of Pain),37.781729186611244,-122.40973868428743,South of Market,NOT AVAILABLE,NOT AVAILABLE,NOT AVAILABLE,NOT AVAILABLE,NOT AVAILABLE,NOT AVAILABLE,NOT AVAILABLE,NOT AVAILABLE,NOT AVAILABLE,NOT AVAILABLE
2025-08-31T14:10:00.000,Clear,Daylight,Dry,No Unusual Condition,Other,Injury (Other Visible),37.787420713987615,-122.40774489949315,Financial District/South Beach,NOT AVAILABLE,NOT AVAILABLE,NOT AVAILABLE,NOT AVAILABLE,NOT AVAILABLE,NOT AVAILABLE,NOT AVAILABLE,NOT AVAILABLE,NOT AVAILABLE,NOT AVAILABLE
2025-08-31T18:28:00.000,Clear,Daylight,Dry,No Unusual Condition,Head-On,Injury (Complaint of Pain),37.783882234970150,-122.48501094404833,Outer Richmond,NOT AVAILABLE,NOT AVAILABLE,NOT AVAILABLE,NOT AVAILABLE,NOT AVAILABLE,NOT AVAILABLE,NOT AVAILABLE,NOT AVAILABLE,NOT AVAILABLE,NOT AVAILABLE
2025-08-31T20:31:00.000,Clear,Dark - Street Lights,Dry,No Unusual Condition,Rear End,Injury (Other Visible),37.740535221737154,-122.45890466491166,West of Twin Peaks,NOT AVAILABLE,NOT AVAILABLE,NOT AVAILABLE,NOT AVAILABLE,NOT AVAILABLE,NOT AVAILABLE,NOT AVAILABLE,NOT AVAILABLE,NOT AVAILABLE,NOT AVAILABLE
2025-08-31T22:16:00.000,Clear,Dark - Street Lights,Dry,No Unusual Condition,Rear End,Injury (Complaint of Pain),37.765783298781656,-122.40753422960650,Mission,NOT AVAILABLE,NOT AVAILABLE,NOT AVAILABLE,NOT AVAILABLE,NOT AVAILABLE,NOT AVAILABLE,NOT AVAILABLE,NOT AVAILABLE,NOT AVAILABLE,NOT AVAILABLE
2025-09-01T07:07:00.000,Cloudy,Daylight,Dry,No Unusual Condition,Broadside,Injury (Complaint of Pain),37.742225027318185,-122.49444328507428,Sunset/Parkside,NOT AVAILABLE,NOT AVAILABLE,NOT AVAILABLE,NOT AVAILABLE,NOT AVAILABLE,NOT AVAILABLE,NOT AVAILABLE,NOT AVAILABLE,NOT AVAILABLE,NOT AVAILABLE
2025-09-01T08:00:00.000,Clear,Daylight,Dry,No Unusual Condition,Broadside,Injury (Complaint of Pain),37.763167824343800,-122.42395924365361,Mission,NOT AVAILABLE,NOT AVAILABLE,NOT AVAILABLE,NOT AVAILABLE,NOT AVAILABLE,NOT AVAILABLE,NOT AVAILABLE,NOT AVAILABLE,NOT AVAILABLE,NOT AVAILABLE
2025-09-01T08:50:00.000,Clear,Daylight,Dry,Other,Broadside,Injury (Other Visible),37.774567482804606,-122.44111041714889,Lone Mountain/USF,NOT AVAILABLE,NOT AVAILABLE,NOT AVAILABLE,NOT AVAILABLE,NOT AVAILABLE,NOT AVAILABLE,NOT AVAILABLE,NOT AVAILABLE,NOT AVAILABLE,NOT AVAILABLE
2025-09-01T09:05:00.000,Clear,Daylight,Dry,No Unusual Condition,Broadside,Injury (Complaint of Pain),37.779564148274360,-122.43195180267146,Western Addition,NOT AVAILABLE,NOT AVAILABLE,NOT AVAILABLE,NOT AVAILABLE,NOT AVAILABLE,NOT AVAILABLE,NOT AVAILABLE,NOT AVAILABLE,NOT AVAILABLE,NOT AVAILABLE
2025-09-01T14:08:00.000,Clear,Daylight,Dry,No Unusual Condition,Broadside,Injury (Complaint of Pain),37.805824931623995,-122.41195008703180,North Beach,NOT AVAILABLE,NOT AVAILABLE,NOT AVAILABLE,NOT AVAILABLE,NOT AVAILABLE,NOT AVAILABLE,NOT AVAILABLE,NOT AVAILABLE,NOT AVAILABLE,NOT AVAILABLE
2025-09-01T17:22:00.000,Clear,Daylight,Dry,No Unusual Condition,Broadside,Injury (Severe),37.782296140328420,-122.40593132791581,South of Market,NOT AVAILABLE,NOT AVAILABLE,NOT AVAILABLE,NOT AVAILABLE,NOT AVAILABLE,NOT AVAILABLE,NOT AVAILABLE,NOT AVAILABLE,NOT AVAILABLE,NOT AVAILABLE
2025-09-02T00:40:00.000,Clear,Dark - Street Lights,Dry,No Unusual Condition,Sideswipe,Injury (Complaint of Pain),37.721830495306605,-122.46146695023960,Oceanview/Merced/Ingleside,NOT AVAILABLE,NOT AVAILABLE,NOT AVAILABLE,NOT AVAILABLE,NOT AVAILABLE,NOT AVAILABLE,NOT AVAILABLE,NOT AVAILABLE,NOT AVAILABLE,NOT AVAILABLE
2025-09-02T15:26:00.000,Clear,Daylight,Dry,No Unusual Condition,Broadside,Injury (Complaint of Pain),37.739515149006053,-122.47109427241284,West of Twin Peaks,NOT AVAILABLE,NOT AVAILABLE,NOT AVAILABLE,NOT AVAILABLE,NOT AVAILABLE,NOT AVAILABLE,NOT AVAILABLE,NOT AVAILABLE,NOT AVAILABLE,NOT AVAILABLE