CRASH_DATE,WEATHER_CONDITION,LIGHTING_CONDITION,ROADWAY_SURFACE_COND,ROAD_DEFECT,FIRST_CRASH_TYPE,CRASH_TYPE,LATITUDE,LONGITUDE,BEAT_OF_OCCURRENCE,ALIGNMENT,TRAFFICWAY_TYPE,LANE_CNT,POSTED_SPEED_LIMIT,TRAFFIC_CONTROL_DEVICE,DEVICE_CONDITION,INTERSECTION_RELATED_I,DAMAGE,NUM_UNITS,HIT_AND_RUN_I
2025-09-18T22:57:00.000,Clear,Dark - Street Lights,Dry,No Unusual Condition,Rear End,Injury (Complaint of Pain),37.773138947453255,-122.47176212311417,Golden Gate Park,NOT AVAILABLE,NOT AVAILABLE,NOT AVAILABLE,NOT AVAILABLE,NOT AVAILABLE,NOT AVAILABLE,NOT AVAILABLE,NOT AVAILABLE,NOT AVAILABLE,NOT AVAILABLE
2025-09-19T09:26:00.000,Clear,Daylight,Dry,No Unusual Condition,Rear End,Injury (Complaint of Pain),37.741950241292180,-122.38655454147319,Bayview Hunters Point,NOT AVAILABLE,NOT AVAILABLE,NOT AVAILABLE,NOT AVAILABLE,NOT AVAILABLE,NOT AVAILABLE,NOT AVAILABLE,NOT AVAILABLE,NOT AVAILABLE,NOT AVAILABLE
2025-09-19T12:19:00.000,Clear,Daylight,Dry,No Unusual Condition,Other,Injury (Complaint of Pain),37.788577068094469,-122.42871211034597,Pacific Heights,NOT AVAILABLE,NOT AVAILABLE,NOT AVAILABLE,NOT AVAILABLE,NOT AVAILABLE,NOT AVAILABLE,NOT AVAILABLE,NOT AVAILABLE,NOT AVAILABLE,NOT AVAILABLE
2025-09-19T13:20:00.000,Clear,Daylight,Dry,No Unusual Condition,Broadside,Injury (Other Visible),37.763462152937720,-122.41951590355292,Mission,NOT AVAILABLE,NOT AVAILABLE,NOT AVAILABLE,NOT AVAILABLE,NOT AVAILABLE,NOT AVAILABLE,NOT AVAILABLE,NOT AVAILABLE,NOT AVAILABLE,NOT AVAILABLE
2025-09-19T14:27:00.000,Clear,Daylight,Dry,No Unusual Condition,Broadside,Injury (Complaint of Pain),37.718634055895386,-122.44131776538447,Outer Mission,NOT AVAILABLE,NOT AVAILABLE,NOT AVAILABLE,NOT AVAILABLE,NOT AVAILABLE,NOT AVAILABLE,NOT AVAILABLE,NOT AVAILABLE,NOT AVAILABLE,NOT AVAILABLE
2025-09-19T14:38:00.000,Clear,Daylight,Dry,No Unusual Condition,Rear End,Injury (Complaint of Pain),37.788023895218970,-122.44078150763622,Pacific Heights,NOT AVAILABLE,NOT AVAILABLE,NOT AVAILABLE,NOT AVAILABLE,NOT AVAILABLE,NOT AVAILABLE,NOT AVAILABLE,NOT AVAILABLE,NOT AVAILABLE,NOT AVAILABLE
2025-09-19T15:46:00.000,Clear,Daylight,Dry,No Unusual Condition,Broadside,Injury (Other Visible),37.777699925178574,-122.43157464230448,Hayes Valley,NOT AVAILABLE,NOT AVAILABLE,NOT AVAILABLE,NOT AVAILABLE,NOT AVAILABLE,NOT AVAILABLE,NOT AVAILABLE,NOT AVAILABLE,NOT AVAILABLE,NOT AVAILABLE
2025-09-19T17:04:00.000,Clear,Daylight,Dry,No Unusual Condition,Vehicle/Pedestrian,Injury (Complaint of Pain),37.792042514406617,-122.40917136070276,Nob Hill,NOT AVAILABLE,NOT AVAILABLE,NOT AVAILABLE,NOT AVAILABLE,NOT AVAILABLE,NOT AVAILABLE,NOT AVAILABLE,NOT AVAILABLE,NOT AVAILABLE,NOT AVAILABLE
2025-09-19T19:04:00.000,Clear,Dark - Street Lights,Dry,No Unusual Condition,Broadside,Injury (Other Visible),37.779211685501920,-122.41093657359225,South of Market,NOT AVAILABLE,NOT AVAILABLE,NOT AVAILABLE,NOT AVAILABLE,NOT AVAILABLE,NOT AVAILABLE,NOT AVAILABLE,NOT AVAILABLE,NOT AVAILABLE,NOT AVAILABLE
2025-09-19T20:59:00.000,Clear,Dark - Street Lights,Dry,No Unusual Condition,Other,Injury (Other Visible),37.772377588161994,-122.40410592031779,South of Market,NOT AVAILABLE,NOT AVAILABLE,NOT AVAILABLE,NOT AVAILABLE,NOT AVAILABLE,NOT AVAILABLE,NOT AVAILABLE,NOT AVAILABLE,NOT AVAILABLE,NOT AVAILABLE
2025-09-19T23:23:00.000,Cloudy,Dark - Street Lights,Dry,No Unusual Condition,Vehicle/Pedestrian,Injury (Other Visible),37.799916432766175,-122.43496659526188,Marina,NOT AVAILABLE,NOT AVAILABLE,NOT AVAILABLE,NOT AVAILABLE,NOT AVAILABLE,NOT AVAILABLE,NOT AVAILABLE,NOT AVAILABLE,NOT AVAILABLE,NOT AVAILABLE
2025-09-20T02:43:00.000,Clear,Dark - Street Lights,Dry,No Unusual Condition,Hit Object,Fatal,37.805417171387710,-122.41524148548672,North Beach,NOT AVAILABLE,NOT AVAILABLE,NOT AVAILABLE,NOT AVAILABLE,NOT AVAILABLE,NOT AVAILABLE,NOT AVAILABLE,NOT AVAILABLE,NOT AVAILABLE,NOT AVAILABLE
2025-09-20T10:19:00.000,Clear,Daylight,Dry,No Unusual Condition,Head-On,Injury (Other Visible),37.763696766820388,-122.41515508552270,Mission,NOT AVAILABLE,NOT AVAILABLE,NOT AVAILABLE,NOT AVAILABLE,NOT AVAILABLE,NOT AVAILABLE,NOT AVAILABLE,NOT AVAILABLE,NOT AVAILABLE,NOT AVAILABLE
2025-09-20T13:26:00.000,Clear,Daylight,Dry,No Unusual Condition,Sideswipe,Injury (Other Visible),37.724583641482404,-122.38806135370906,Bayview Hunters Point,NOT AVAILABLE,NOT AVAILABLE,NOT AVAILABLE,NOT AVAILABLE,NOT AVAILABLE,NOT AVAILABLE,NOT AVAILABLE,NOT AVAILABLE,NOT AVAILABLE,NOT AVAILABLE
2025-09-20T15:07:00.000,Clear,Daylight,Dry,No Unusual Condition,Vehicle/Pedestrian,Injury (Other Visible),37.788994699651568,-122.42542298013714,Pacific Heights,NOT AVAILABLE,NOT AVAILABLE,NOT AVAILABLE,NOT AVAILABLE,NOT AVAILABLE,NOT AVAILABLE,NOT AVAILABLE,NOT AVAILABLE,NOT AVAILABLE,NOT AVAILABLE
2025-09-20T19:41:00.000,Clear,Dark - Street Lights,Dry,No Unusual Condition,Other,Injury (Complaint of Pain),37.758632566597171,-122.41905260694422,Mission,NOT AVAILABLE,NOT AVAILABLE,NOT AVAILABLE,NOT AVAILABLE,NOT AVAILABLE,NOT AVAILABLE,NOT AVAILABLE,NOT AVAILABLE,NOT AVAILABLE,NOT AVAILABLE
2025-09-20T21:47:00.000,Clear,Dark - Street Lights,Dry,No Unusual Condition,Broadside,Injury (Other Visible),37.776660986592738,-122.41215795359528,South of Market,NOT AVAILABLE,NOT AVAILABLE,NOT AVAILABLE,NOT AVAILABLE,NOT AVAILABLE,NOT AVAILABLE,NOT AVAILABLE,NOT AVAILABLE,NOT AVAILABLE,NOT AVAILABLE
2025-09-20T22:10:00.000,Clear,Dark - Street Lights,Dry,No Unusual Condition,Head-On,Injury (Other Visible),37.791200031109682,-122.44453976038233,Pacific Heights,NOT AVAILABLE,NOT AVAILABLE,NOT AVAILABLE,NOT AVAILABLE,NOT AVAILABLE,NOT AVAILABLE,NOT AVAILABLE,NOT AVAILABLE,NOT AVAILABLE,NOT AVAILABLE
2025-09-20T22:26:00.000,Clear,Dark - Street Lights,Dry,No Unusual Condition,Broadside,Injury (Complaint of Pain),37.788007159991132,-122.39979802371960,Financial District/South Beach,NOT AVAILABLE,NOT AVAILABLE,NOT AVAILABLE,NOT AVAILABLE,NOT AVAILABLE,NOT AVAILABLE,NOT AVAILABLE,NOT AVAILABLE,NOT AVAILABLE,NOT AVAILABLE
2025-09-21T07:45:00.000,Clear,Daylight,Dry,No Unusual Condition,Sideswipe,Injury (Complaint of Pain),37.796178404529485,-122.40513613908301,Chinatown,NOT AVAILABLE,NOT AVAILABLE,NOT AVAILABLE,NOT AVAILABLE,NOT AVAILABLE,NOT AVAILABLE,NOT AVAILABLE,NOT AVAILABLE,NOT AVAILABLE,NOT AVAILABLE
2025-09-21T10:57:00.000,Clear,Daylight,Dry,No Unusual Condition,Head-On,Injury (Other Visible),37.801400017399793,-122.42412234944048,Russian Hill,NOT AVAILABLE,NOT AVAILABLE,NOT AVAILABLE,NOT AVAILABLE,NOT AVAILABLE,NOT AVAILABLE,NOT AVAILABLE,NOT AVAILABLE,NOT AVAILABLE,NOT AVAILABLE
2025-09-21T11:15:00.000,Clear,Daylight,Dry,No Unusual Condition,Rear End,Injury (Complaint of Pain),37.767306894810183,-122.45316478957226,Haight Ashbury,NOT AVAILABLE,NOT AVAILABLE,NOT AVAILABLE,NOT AVAILABLE,NOT AVAILABLE,NOT AVAILABLE,NOT AVAILABLE,NOT AVAILABLE,NOT AVAILABLE,NOT AVAILABLE
2025-09-21T11:39:00.000,Clear,Daylight,Dry,No Unusual Condition,Other,Injury (Other Visible),37.725900814363307,-122.42848229165190,Excelsior,NOT AVAILABLE,NOT AVAILABLE,NOT AVAILABLE,NOT AVAILABLE,NOT AVAILABLE,NOT AVAILABLE,NOT AVAILABLE,NOT AVAILABLE,NOT AVAILABLE,NOT AVAILABLE
2025-09-21T13:41:00.000,Clear,Daylight,Dry,No Unusual Condition,Rear End,Injury (Complaint of Pain),37.752234181396467,-122.41853145585846,Mission,NOT AVAILABLE,NOT AVAILABLE,NOT AVAILABLE,NOT AVAILABLE,NOT AVAILABLE,NOT AVAILABLE,NOT AVAILABLE,NOT AVAILABLE,NOT AVAILABLE,NOT AVAILABLE
2025-09-21T17:16:00.000,Other,Daylight,Not Stated,Not Stated,Rear End,Injury (Complaint of Pain),37.784772961526300,-122.40462864586338,Financial District/South Beach,NOT AVAILABLE,NOT AVAILABLE,NOT AVAILABLE,NOT AVAILABLE,NOT AVAILABLE,NOT AVAILABLE,NOT AVAILABLE,NOT AVAILABLE,NOT AVAILABLE,NOT AVAILABLE
2025-09-21T18:59:00.000,Clear,Dark - Street Lights,Dry,No Unusual Condition,Vehicle/Pedestrian,Injury (Complaint of Pain),37.761006719030618,-122.44643363768988,Castro/Upper Market,NOT AVAILABLE,NOT AVAILABLE,NOT AVAILABLE,NOT AVAILABLE,NOT AVAILABLE,NOT AVAILABLE,NOT AVAILABLE,NOT AVAILABLE,NOT AVAILABLE,NOT AVAILABLE
2025-09-21T19:03:00.000,Clear,Daylight,Dry,No Unusual Condition,Sideswipe,Injury (Complaint of Pain),37.786471335401167,-122.40174294231424,Financial District/South Beach,NOT AVAILABLE,NOT AVAILABLE,NOT AVAILABLE,NOT AVAILABLE,NOT AVAILABLE,NOT AVAILABLE,NOT AVAILABLE,NOT AVAILABLE,NOT AVAILABLE,NOT AVAILABLE
2025-09-21T20:10:00.000,Not Stated,Dark - Street Lights,Dry,No Unusual Condition,Rear End,Injury (Other Visible),37.723606682698495,-122.38894018102845,Bayview Hunters Point,NOT AVAILABLE,NOT AVAILABLE,NOT AVAILABLE,NOT AVAILABLE,NOT AVAILABLE,NOT AVAILABLE,NOT AVAILABLE,NOT AVAILABLE,NOT AVAILABLE,NOT AVAILABLE
2025-09-21T22:21:00.000,Clear,Dark - Street Lights,Dry,No Unusual Condition,Other,Injury (Other Visible),37.749336210413070,-122.40498745659896,Mission,NOT AVAILABLE,NOT AVAILABLE,NOT AVAILABLE,NOT AVAILABLE,NOT AVAILABLE,NOT AVAILABLE,NOT AVAILABLE,NOT AVAILABLE,NOT AVAILABLE,NOT AVAILABLE
2025-09-21T22:38:00.000,Clear,Dark - Street Lights,Not Stated,No Unusual Condition,Rear End,Injury (Complaint of Pain),37.783125393320773,-122.47242074226305,Outer Richmond,NOT AVAILABLE,NOT AVAILABLE,NOT AVAILABLE,NOT AVAILABLE,NOT AVAILABLE,NOT AVAILABLE,NOT AVAILABLE,NOT AVAILABLE,NOT AVAILABLE,NOT AVAILABLE
2025-09-22T03:20:00.000,Clear,Dark - Street Lights,Dry,No Unusual Condition,Head-On,Injury (Complaint of Pain),37.776230520300636,-122.41471100336200,South of Market,NOT AVAILABLE,NOT AVAILABLE,NOT AVAILABLE,NOT AVAILABLE,NOT AVAILABLE,NOT AVAILABLE,NOT AVAILABLE,NOT AVAILABLE,NOT AVAILABLE,NOT AVAILABLE
2025-09-22T07:14:00.000,Clear,Daylight,Dry,No Unusual Condition,Not Stated,Injury (Complaint of Pain),37.784691653400181,-122.41408751159089,Tenderloin,NOT AVAILABLE,NOT AVAILABLE,NOT AVAILABLE,NOT AVAILABLE,NOT AVAILABLE,NOT AVAILABLE,NOT AVAILABLE,NOT AVAILABLE,NOT AVAILABLE,NOT AVAILABLE
2025-09-22T09:24:00.000,Clear,Daylight,Dry,No Unusual Condition,Vehicle/Pedestrian,Injury (Severe),37.781428371215554,-122.43232898190307,Western Addition,NOT AVAILABLE,NOT AVAILABLE,NOT AVAILABLE,NOT AVAILABLE,NOT AVAILABLE,NOT AVAILABLE,NOT AVAILABLE,NOT AVAILABLE,NOT AVAILABLE,NOT AVAILABLE
2025-09-22T11:10:00.000,Clear,Daylight,Dry,No Unusual Condition,Vehicle/Pedestrian,Injury (Complaint of Pain),37.781009345787119,-122.43561626427736,Western Addition,NOT AVAILABLE,NOT AVAILABLE,NOT AVAILABLE,NOT AVAILABLE,NOT AVAILABLE,NOT AVAILABLE,NOT AVAILABLE,NOT AVAILABLE,NOT AVAILABLE,NOT AVAILABLE
2025-09-22T16:05:00.000,Clear,Daylight,Dry,No Unusual Condition,Other,Injury (Severe),37.729375267696717,-122.44200661420558,West of Twin Peaks,NOT AVAILABLE,NOT AVAILABLE,NOT AVAILABLE,NOT AVAILABLE,NOT AVAILABLE,NOT AVAILABLE,NOT AVAILABLE,NOT AVAILABLE,NOT AVAILABLE,NOT AVAILABLE
2025-09-22T21:20:00.000,Clear,Dark - Street Lights,Dry,No Unusual Condition,Sideswipe,Injury (Complaint of Pain),37.716024589951047,-122.44014593620709,Excelsior,NOT AVAILABLE,NOT AVAILABLE,NOT AVAILABLE,NOT AVAILABLE,NOT AVAILABLE,NOT AVAILABLE,NOT AVAILABLE,NOT AVAILABLE,NOT AVAILABLE,NOT AVAILABLE
2025-09-22T22:07:00.000,Clear,Dark - Street Lights,Dry,No Unusual Condition,Hit Object,Injury (Severe),37.781847951962355,-122.40138295926096,South of Market,NOT AVAILABLE,NOT AVAILABLE,NOT AVAILABLE,NOT AVAILABLE,NOT AVAILABLE,NOT AVAILABLE,NOT AVAILABLE,NOT AVAILABLE,NOT AVAILABLE,NOT AVAILABLE
2025-09-22T22:37:00.000,Clear,Dark - Street Lights,Dry,No Unusual Condition,Head-On,Injury (Severe),37.790280434527972,-122.40723090435652,Financial District/South Beach,NOT AVAILABLE,NOT AVAILABLE,NOT AVAILABLE,NOT AVAILABLE,NOT AVAILABLE,NOT AVAILABLE,NOT AVAILABLE,NOT AVAILABLE,NOT AVAILABLE,NOT AVAILABLE
2025-09-23T09:10:00.000,Clear,Daylight,Dry,No Unusual Condition,Sideswipe,Injury (Complaint of Pain),37.772464087415358,-122.47635530629643,Golden Gate Park,NOT AVAILABLE,NOT AVAILABLE,NOT AVAILABLE,NOT AVAILABLE,NOT AVAILABLE,NOT AVAILABLE,NOT AVAILABLE,NOT AVAILABLE,NOT AVAILABLE,NOT AVAILABLE
2025-09-23T10:05:00.000,Clear,Daylight,Dry,No Unusual Condition,Vehicle/Pedestrian,Injury (Complaint of Pain),37.803056884636860,-122.43332795700803,Marina,NOT AVAILABLE,NOT AVAILABLE,NOT AVAILABLE,NOT AVAILABLE,NOT AVAILABLE,NOT AVAILABLE,NOT AVAILABLE,NOT AVAILABLE,NOT AVAILABLE,NOT AVAILABLE
2025-09-23T13:36:00.000,Clear,Daylight,Dry,No Unusual Condition,Broadside,Injury (Other Visible),37.770629854127961,-122.41247993494594,Mission,NOT AVAILABLE,NOT AVAILABLE,NOT AVAILABLE,NOT AVAILABLE,NOT AVAILABLE,NOT AVAILABLE,NOT AVAILABLE,NOT AVAILABLE,NOT AVAILABLE,NOT AVAILABLE
2025-09-23T22:17:00.000,Clear,Dark - Street Lights,Dry,"Holes, Deep Rut",Not Stated,Injury (Severe),37.786055361180054,-122.41845034896144,Tenderloin,NOT AVAILABLE,NOT AVAILABLE,NOT AVAILABLE,NOT AVAILABLE,NOT AVAILABLE,NOT AVAILABLE,NOT AVAILABLE,NOT AVAILABLE,NOT AVAILABLE,NOT AVAILABLE
2025-09-24T07:15:00.000,Other,Daylight,Not Stated,Not Stated,Sideswipe,Injury (Complaint of Pain),37.764783452499010,-122.42410268394325,Mission,NOT AVAILABLE,NOT AVAILABLE,NOT AVAILABLE,NOT AVAILABLE,NOT AVAILABLE,NOT AVAILABLE,NOT AVAILABLE,NOT AVAILABLE,NOT AVAILABLE,NOT AVAILABLE
2025-09-24T08:13:00.000,Clear,Daylight,Dry,No Unusual Condition,Other,Injury (Complaint of Pain),37.780801770462375,-122.43726005817810,Western Addition,NOT AVAILABLE,NOT AVAILABLE,NOT AVAILABLE,NOT AVAILABLE,NOT AVAILABLE,NOT AVAILABLE,NOT AVAILABLE,NOT AVAILABLE,NOT AVAILABLE,NOT AVAILABLE
2025-09-24T09:37:00.000,Clear,Daylight,Not Stated,No Unusual Condition,Broadside,Injury (Complaint of Pain),37.748165688779679,-122.41822117033469,Bernal Heights,NOT AVAILABLE,NOT AVAILABLE,NOT AVAILABLE,NOT AVAILABLE,NOT AVAILABLE,NOT AVAILABLE,NOT AVAILABLE,NOT AVAILABLE,NOT AVAILABLE,NOT AVAILABLE
2025-09-24T10:16:00.000,Clear,Daylight,Dry,No Unusual Condition,Sideswipe,Injury (Complaint of Pain),37.777511711447922,-122.41804316736449,Tenderloin,NOT AVAILABLE,NOT AVAILABLE,NOT AVAILABLE,NOT AVAILABLE,NOT AVAILABLE,NOT AVAILABLE,NOT AVAILABLE,NOT AVAILABLE,NOT AVAILABLE,NOT AVAILABLE
2025-09-24T13:14:00.000,Clear,Daylight,Dry,No Unusual Condition,Broadside,Injury (Complaint of Pain),37.728562311135313,-122.36969248985382,Bayview Hunters Point,NOT AVAILABLE,NOT AVAILABLE,NOT AVAILABLE,NOT AVAILABLE,NOT AVAILABLE,NOT AVAILABLE,NOT AVAILABLE,NOT AVAILABLE,NOT AVAILABLE,NOT AVAILABLE
2025-09-24T13:36:00.000,Cloudy,Daylight,Dry,No Unusual Condition,Sideswipe,Injury (Complaint of Pain),37.765314639540925,-122.41530838841581,Mission,NOT AVAILABLE,NOT AVAILABLE,NOT AVAILABLE,NOT AVAILABLE,NOT AVAILABLE,NOT AVAILABLE,NOT AVAILABLE,NOT AVAILABLE,NOT AVAILABLE,NOT AVAILABLE
2025-09-24T15:05:00.000,Clear,Daylight,Dry,No Unusual Condition,Broadside,Injury (Complaint of Pain),,,,NOT AVAILABLE,NOT AVAILABLE,NOT AVAILABLE,NOT AVAILABLE,NOT AVAILABLE,NOT AVAILABLE,NOT AVAILABLE,NOT AVAILABLE,NOT AVAILABLE,NOT AVAILABLE
2025-09-24T17:06:00.000,Clear,Daylight,Dry,No Unusual Condition,Not Stated,Injury (Severe),37.767504459822113,-122.42894856669170,Castro/Upper Market,NOT AVAILABLE,NOT AVAILABLE,NOT AVAILABLE,NOT AVAILABLE,NOT AVAILABLE,NOT AVAILABLE,NOT AVAILABLE,NOT AVAILABLE,NOT AVAILABLE,NOT AVAILABLE
2025-09-24T17:15:00.000,Clear,Daylight,Dry,No Unusual Condition,Broadside,Injury (Complaint of Pain),37.731551518247800,-122.40850893672406,Portola,NOT AVAILABLE,NOT AVAILABLE,NOT AVAILABLE,NOT AVAILABLE,NOT AVAILABLE,NOT AVAILABLE,NOT AVAILABLE,NOT AVAILABLE,NOT AVAILABLE,NOT AVAILABLE
2025-09-24T19:10:00.000,Clear,Dark - Street Lights,Dry,No Unusual Condition,Rear End,Injury (Other Visible),37.750291358090116,-122.42404371956943,Mission,NOT AVAILABLE,NOT AVAILABLE,NOT AVAILABLE,NOT AVAILABLE,NOT AVAILABLE,NOT AVAILABLE,NOT AVAILABLE,NOT AVAILABLE,NOT AVAILABLE,NOT AVAILABLE
2025-09-24T19:27:00.000,Clear,Dusk - Dawn,Dry,No Unusual Condition,Rear End,Injury (Complaint of Pain),37.782378943644751,-122.41733888009693,Tenderloin,NOT AVAILABLE,NOT AVAILABLE,NOT AVAILABLE,NOT AVAILABLE,NOT AVAILABLE,NOT AVAILABLE,NOT AVAILABLE,NOT AVAILABLE,NOT AVAILABLE,NOT AVAILABLE
2025-09-25T09:24:00.000,Clear,Daylight,Dry,No Unusual Condition,Broadside,Injury (Complaint of Pain),37.739901974072374,-122.39968548817072,Bayview Hunters Point,NOT AVAILABLE,NOT AVAILABLE,NOT AVAILABLE,NOT AVAILABLE,NOT AVAILABLE,NOT AVAILABLE,NOT AVAILABLE,NOT AVAILABLE,NOT AVAILABLE,NOT AVAILABLE
2025-09-25T10:00:00.000,Clear,Daylight,Dry,No Unusual Condition,Rear End,Injury (Complaint of Pain),37.716189508003566,-122.47163261174879,Oceanview/Merced/Ingleside,NOT AVAILABLE,NOT AVAILABLE,NOT AVAILABLE,NOT AVAILABLE,NOT AVAILABLE,NOT AVAILABLE,NOT AVAILABLE,NOT AVAILABLE,NOT AVAILABLE,NOT AVAILABLE
2025-09-25T13:13:00.000,Clear,Dark - Street Lights,Dry,No Unusual Condition,Vehicle/Pedestrian,Injury (Complaint of Pain),37.771419894910900,-122.41147908767124,South of Market,NOT AVAILABLE,NOT AVAILABLE,NOT AVAILABLE,NOT AVAILABLE,NOT AVAILABLE,NOT AVAILABLE,NOT AVAILABLE,NOT AVAILABLE,NOT AVAILABLE,NOT AVAILABLE
2025-09-25T18:05:00.000,Cloudy,Daylight,Dry,No Unusual Condition,Sideswipe,Injury (Complaint of Pain),37.735689513238917,-122.44889687457038,West of Twin Peaks,NOT AVAILABLE,NOT AVAILABLE,NOT AVAILABLE,NOT AVAILABLE,NOT AVAILABLE,NOT AVAILABLE,NOT AVAILABLE,NOT AVAILABLE,NOT AVAILABLE,NOT AVAILABLE
2025-09-25T21:30:00.000,Clear,Dark - No Street Lights,Dry,No Unusual Condition,Sideswipe,Injury (Other Visible),37.787407029682605,-122.39904171819545,Financial District/South Beach,NOT AVAILABLE,NOT AVAILABLE,NOT AVAILABLE,NOT AVAILABLE,NOT AVAILABLE,NOT AVAILABLE,NOT AVAILABLE,NOT AVAILABLE,NOT AVAILABLE,NOT AVAILABLE
2025-09-26T01:58:00.000,Clear,Dark - Street Lights,Dry,No Unusual Condition,Hit Object,Fatal,,,,NOT AVAILABLE,NOT AVAILABLE,NOT AVAILABLE,NOT AVAILABLE,NOT AVAILABLE,NOT AVAILABLE,NOT AVAILABLE,NOT AVAILABLE,NOT AVAILABLE,NOT AVAILABLE
2025-09-26T14:30:00.000,Clear,Daylight,Dry,No Unusual Condition,Broadside,Injury (Other Visible),37.718955558572205,-122.50022095433432,Lakeshore,NOT AVAILABLE,NOT AVAILABLE,NOT AVAILABLE,NOT AVAILABLE,NOT AVAILABLE,NOT AVAILABLE,NOT AVAILABLE,NOT AVAILABLE,NOT AVAILABLE,NOT AVAILABLE
2025-09-26T15:20:00.000,Clear,Daylight,Dry,No Unusual Condition,Broadside,Injury (Other Visible),37.757166642848233,-122.41671959411647,Mission,NOT AVAILABLE,NOT AVAILABLE,NOT AVAILABLE,NOT AVAILABLE,NOT AVAILABLE,NOT AVAILABLE,NOT AVAILABLE,NOT AVAILABLE,NOT AVAILABLE,NOT AVAILABLE
2025-09-26T15:39:00.000,Clear,Daylight,Dry,No Unusual Condition,Sideswipe,Injury (Other Visible),37.732712424849993,-122.43189456682724,Outer Mission,NOT AVAILABLE,NOT AVAILABLE,NOT AVAILABLE,NOT AVAILABLE,NOT AVAILABLE,NOT AVAILABLE,NOT AVAILABLE,NOT AVAILABLE,NOT AVAILABLE,NOT AVAILABLE
2025-09-26T15:51:00.000,Clear,Daylight,Dry,No Unusual Condition,Sideswipe,Injury (Complaint of Pain),37.806897800535000,-122.41863461507987,North Beach,NOT AVAILABLE,NOT AVAILABLE,NOT AVAILABLE,NOT AVAILABLE,NOT AVAILABLE,NOT AVAILABLE,NOT AVAILABLE,NOT AVAILABLE,NOT AVAILABLE,NOT AVAILABLE
2025-09-26T16:58:00.000,Clear,Daylight,Dry,No Unusual Condition,Vehicle/Pedestrian,Injury (Complaint of Pain),37.785104527153550,-122.41840012500094,Tenderloin,NOT AVAILABLE,NOT AVAILABLE,NOT AVAILABLE,NOT AVAILABLE,NOT AVAILABLE,NOT AVAILABLE,NOT AVAILABLE,NOT AVAILABLE,NOT AVAILABLE,NOT AVAILABLE
2025-09-26T19:47:00.000,Clear,Dark - Street Lights,Dry,No Unusual Condition,Overturned,Injury (Other Visible),37.783677705647584,-122.43776521973840,Western Addition,NOT AVAILABLE,NOT AVAILABLE,NOT AVAILABLE,NOT AVAILABLE,NOT AVAILABLE,NOT AVAILABLE,NOT AVAILABLE,NOT AVAILABLE,NOT AVAILABLE,NOT AVAILABLE
2025-09-26T23:27:00.000,Clear,Dark - Street Lights,Dry,Other,Other,Injury (Complaint of Pain),37.784448841632866,-122.41607173362515,Tenderloin,NOT AVAILABLE,NOT AVAILABLE,NOT AVAILABLE,NOT AVAILABLE,NOT AVAILABLE,NOT AVAILABLE,NOT AVAILABLE,NOT AVAILABLE,NOT AVAILABLE,NOT AVAILABLE
2025-09-26T23:42:00.000,Clear,Dark - Street Lights,Dry,No Unusual Condition,Rear End,Injury (Complaint of Pain),37.710374869786875,-122.45508371482070,Outer Mission,NOT AVAILABLE,NOT AVAILABLE,NOT AVAILABLE,NOT AVAILABLE,NOT AVAILABLE,NOT AVAILABLE,NOT AVAILABLE,NOT AVAILABLE,NOT AVAILABLE,NOT AVAILABLE
2025-09-27T10:10:00.000,Clear,Daylight,Dry,No Unusual Condition,Vehicle/Pedestrian,Injury (Complaint of Pain),37.798729002078176,-122.39987345705065,Financial District/South Beach,NOT AVAILABLE,NOT AVAILABLE,NOT AVAILABLE,NOT AVAILABLE,NOT AVAILABLE,NOT AVAILABLE,NOT AVAILABLE,NOT AVAILABLE,NOT AVAILABLE,NOT AVAILABLE
2025-09-27T15:10:00.000,Clear,Daylight,Dry,No Unusual Condition,Rear End,Injury (Complaint of Pain),,,,NOT AVAILABLE,NOT AVAILABLE,NOT AVAILABLE,NOT AVAILABLE,NOT AVAILABLE,NOT AVAILABLE,NOT AVAILABLE,NOT AVAILABLE,NOT AVAILABLE,NOT AVAILABLE
2025-09-27T16:30:00.000,Clear,Daylight,Dry,No Unusual Condition,Rear End,Injury (Complaint of Pain),37.750756698699050,-122.41634632100221,Mission,NOT AVAILABLE,NOT AVAILABLE,NOT AVAILABLE,NOT AVAILABLE,NOT AVAILABLE,NOT AVAILABLE,NOT AVAILABLE,NOT AVAILABLE,NOT AVAILABLE,NOT AVAILABLE
2025-09-27T16:31:00.000,Clear,Daylight,Dry,No Unusual Condition,Hit Object,Injury (Severe),37.807379458145626,-122.40730365632757,North Beach,NOT AVAILABLE,NOT AVAILABLE,NOT AVAILABLE,NOT AVAILABLE,NOT AVAILABLE,NOT AVAILABLE,NOT AVAILABLE,NOT AVAILABLE,NOT AVAILABLE,NOT AVAILABLE
2025-09-27T17:03:00.000,Clear,Daylight,Dry,No Unusual Condition,Sideswipe,Injury (Other Visible),37.729227846584344,-122.43080925612286,Excelsior,NOT AVAILABLE,NOT AVAILABLE,NOT AVAILABLE,NOT AVAILABLE,NOT AVAILABLE,NOT AVAILABLE,NOT AVAILABLE,NOT AVAILABLE,NOT AVAILABLE,NOT AVAILABLE