CRASH_DATE,WEATHER_CONDITION,LIGHTING_CONDITION,ROADWAY_SURFACE_COND,ROAD_DEFECT,FIRST_CRASH_TYPE,CRASH_TYPE,LATITUDE,LONGITUDE,BEAT_OF_OCCURRENCE,ALIGNMENT,TRAFFICWAY_TYPE,LANE_CNT,POSTED_SPEED_LIMIT,TRAFFIC_CONTROL_DEVICE,DEVICE_CONDITION,INTERSECTION_RELATED_I,DAMAGE,NUM_UNITS,HIT_AND_RUN_I
2025-12-23T01:41:00.000,Cloudy,Dark - Street Lights,Wet,No Unusual Condition,Broadside,Injury (Complaint of Pain),37.796302098570300,-122.40441216088769,Chinatown,NOT AVAILABLE,NOT AVAILABLE,NOT AVAILABLE,NOT AVAILABLE,NOT AVAILABLE,NOT AVAILABLE,NOT AVAILABLE,NOT AVAILABLE,NOT AVAILABLE,NOT AVAILABLE
2025-12-23T14:20:00.000,Cloudy,Daylight,Wet,No Unusual Condition,Rear End,Injury (Other Visible),37.784658100639170,-122.41441295260235,Tenderloin,NOT AVAILABLE,NOT AVAILABLE,NOT AVAILABLE,NOT AVAILABLE,NOT AVAILABLE,NOT AVAILABLE,NOT AVAILABLE,NOT AVAILABLE,NOT AVAILABLE,NOT AVAILABLE
2025-12-23T17:18:00.000,Raining,Dark - Street Lights,Wet,No Unusual Condition,Vehicle/Pedestrian,Injury (Other Visible),37.783106822953393,-122.41918277044731,Tenderloin,NOT AVAILABLE,NOT AVAILABLE,NOT AVAILABLE,NOT AVAILABLE,NOT AVAILABLE,NOT AVAILABLE,NOT AVAILABLE,NOT AVAILABLE,NOT AVAILABLE,NOT AVAILABLE
2025-12-23T17:22:00.000,Cloudy,Dark - Street Lights,Wet,No Unusual Condition,Head-On,Injury (Complaint of Pain),37.741383107225907,-122.47122594117897,West of Twin Peaks,NOT AVAILABLE,NOT AVAILABLE,NOT AVAILABLE,NOT AVAILABLE,NOT AVAILABLE,NOT AVAILABLE,NOT AVAILABLE,NOT AVAILABLE,NOT AVAILABLE,NOT AVAILABLE
2025-12-23T18:15:00.000,Raining,Dark - Street Lights,Wet,No Unusual Condition,Overturned,Injury (Complaint of Pain),37.750352864405158,-122.40596735546083,Mission,NOT AVAILABLE,NOT AVAILABLE,NOT AVAILABLE,NOT AVAILABLE,NOT AVAILABLE,NOT AVAILABLE,NOT AVAILABLE,NOT AVAILABLE,NOT AVAILABLE,NOT AVAILABLE
2025-12-23T18:19:00.000,Raining,Dark - Street Lights,Wet,No Unusual Condition,Vehicle/Pedestrian,Injury (Complaint of Pain),37.784964737396756,-122.42799100885325,Japantown,NOT AVAILABLE,NOT AVAILABLE,NOT AVAILABLE,NOT AVAILABLE,NOT AVAILABLE,NOT AVAILABLE,NOT AVAILABLE,NOT AVAILABLE,NOT AVAILABLE,NOT AVAILABLE
2025-12-23T19:05:00.000,Raining,Dark - Street Lights,Wet,No Unusual Condition,Vehicle/Pedestrian,Injury (Complaint of Pain),37.805720256564072,-122.42036904577228,Russian Hill,NOT AVAILABLE,NOT AVAILABLE,NOT AVAILABLE,NOT AVAILABLE,NOT AVAILABLE,NOT AVAILABLE,NOT AVAILABLE,NOT AVAILABLE,NOT AVAILABLE,NOT AVAILABLE
2025-12-23T19:53:00.000,Clear,Dark - No Street Lights,Wet,No Unusual Condition,Head-On,Injury (Complaint of Pain),37.751624850379805,-122.42061751560823,Mission,NOT AVAILABLE,NOT AVAILABLE,NOT AVAILABLE,NOT AVAILABLE,NOT AVAILABLE,NOT AVAILABLE,NOT AVAILABLE,NOT AVAILABLE,NOT AVAILABLE,NOT AVAILABLE
2025-12-24T02:28:00.000,Cloudy,Dark - Street Lights,Wet,No Unusual Condition,Rear End,Injury (Other Visible),37.789795755038256,-122.41164216125995,Nob Hill,NOT AVAILABLE,NOT AVAILABLE,NOT AVAILABLE,NOT AVAILABLE,NOT AVAILABLE,NOT AVAILABLE,NOT AVAILABLE,NOT AVAILABLE,NOT AVAILABLE,NOT AVAILABLE
2025-12-24T06:49:00.000,Clear,Dark - Street Lights,Dry,No Unusual Condition,Head-On,Injury (Severe),37.775099942143896,-122.42945463038545,Hayes Valley,NOT AVAILABLE,NOT AVAILABLE,NOT AVAILABLE,NOT AVAILABLE,NOT AVAILABLE,NOT AVAILABLE,NOT AVAILABLE,NOT AVAILABLE,NOT AVAILABLE,NOT AVAILABLE
2025-12-24T09:43:00.000,Clear,Daylight,Wet,No Unusual Condition,Hit Object,Injury (Other Visible),37.748880812767652,-122.47598635059218,Inner Sunset,NOT AVAILABLE,NOT AVAILABLE,NOT AVAILABLE,NOT AVAILABLE,NOT AVAILABLE,NOT AVAILABLE,NOT AVAILABLE,NOT AVAILABLE,NOT AVAILABLE,NOT AVAILABLE
2025-12-24T10:15:00.000,Clear,Daylight,Dry,No Unusual Condition,Rear End,Injury (Complaint of Pain),37.730788742849200,-122.42838994573901,Excelsior,NOT AVAILABLE,NOT AVAILABLE,NOT AVAILABLE,NOT AVAILABLE,NOT AVAILABLE,NOT AVAILABLE,NOT AVAILABLE,NOT AVAILABLE,NOT AVAILABLE,NOT AVAILABLE
2025-12-24T10:32:00.000,Clear,Daylight,Dry,No Unusual Condition,Broadside,Injury (Complaint of Pain),37.780575382531019,-122.47398247013732,Outer Richmond,NOT AVAILABLE,NOT AVAILABLE,NOT AVAILABLE,NOT AVAILABLE,NOT AVAILABLE,NOT AVAILABLE,NOT AVAILABLE,NOT AVAILABLE,NOT AVAILABLE,NOT AVAILABLE
2025-12-24T13:40:00.000,Clear,Daylight,Dry,No Unusual Condition,Broadside,Injury (Severe),37.765489809227965,-122.41241642585197,Mission,NOT AVAILABLE,NOT AVAILABLE,NOT AVAILABLE,NOT AVAILABLE,NOT AVAILABLE,NOT AVAILABLE,NOT AVAILABLE,NOT AVAILABLE,NOT AVAILABLE,NOT AVAILABLE
2025-12-24T15:11:00.000,Cloudy,Daylight,Dry,Construction or Repair Zone,Vehicle/Pedestrian,Injury (Severe),37.733676676313827,-122.38873164509485,Bayview Hunters Point,NOT AVAILABLE,NOT AVAILABLE,NOT AVAILABLE,NOT AVAILABLE,NOT AVAILABLE,NOT AVAILABLE,NOT AVAILABLE,NOT AVAILABLE,NOT AVAILABLE,NOT AVAILABLE
2025-12-24T17:31:00.000,Cloudy,Dark - Street Lights,Wet,No Unusual Condition,Head-On,Injury (Other Visible),37.748536594177835,-122.39673587321181,Bayview Hunters Point,NOT AVAILABLE,NOT AVAILABLE,NOT AVAILABLE,NOT AVAILABLE,NOT AVAILABLE,NOT AVAILABLE,NOT AVAILABLE,NOT AVAILABLE,NOT AVAILABLE,NOT AVAILABLE
2025-12-24T18:54:00.000,Raining,Dark - Street Lights,Wet,No Unusual Condition,Rear End,Injury (Complaint of Pain),37.742908637168200,-122.47890479412655,Sunset/Parkside,NOT AVAILABLE,NOT AVAILABLE,NOT AVAILABLE,NOT AVAILABLE,NOT AVAILABLE,NOT AVAILABLE,NOT AVAILABLE,NOT AVAILABLE,NOT AVAILABLE,NOT AVAILABLE
2025-12-24T19:38:00.000,Raining,Dark - Street Lights,Wet,No Unusual Condition,Vehicle/Pedestrian,Injury (Complaint of Pain),37.746775139936808,-122.41912130111398,Bernal Heights,NOT AVAILABLE,NOT AVAILABLE,NOT AVAILABLE,NOT AVAILABLE,NOT AVAILABLE,NOT AVAILABLE,NOT AVAILABLE,NOT AVAILABLE,NOT AVAILABLE,NOT AVAILABLE
2025-12-24T19:40:00.000,Raining,Dark - Street Lights,Wet,No Unusual Condition,Vehicle/Pedestrian,Injury (Complaint of Pain),37.790966024829189,-122.40240082035453,Financial District/South Beach,NOT AVAILABLE,NOT AVAILABLE,NOT AVAILABLE,NOT AVAILABLE,NOT AVAILABLE,NOT AVAILABLE,NOT AVAILABLE,NOT AVAILABLE,NOT AVAILABLE,NOT AVAILABLE
2025-12-25T01:59:00.000,Raining,Dark - Street Lights,Wet,No Unusual Condition,Vehicle/Pedestrian,Injury (Complaint of Pain),37.728617161981823,-122.42642286523549,Excelsior,NOT AVAILABLE,NOT AVAILABLE,NOT AVAILABLE,NOT AVAILABLE,NOT AVAILABLE,NOT AVAILABLE,NOT AVAILABLE,NOT AVAILABLE,NOT AVAILABLE,NOT AVAILABLE
2025-12-25T02:18:00.000,Raining,Dark - Street Lights,Wet,No Unusual Condition,Vehicle/Pedestrian,Injury (Complaint of Pain),37.742375398258204,-122.42196876203697,Bernal Heights,NOT AVAILABLE,NOT AVAILABLE,NOT AVAILABLE,NOT AVAILABLE,NOT AVAILABLE,NOT AVAILABLE,NOT AVAILABLE,NOT AVAILABLE,NOT AVAILABLE,NOT AVAILABLE
2025-12-25T09:49:00.000,Clear,Daylight,Wet,Other,Overturned,Injury (Complaint of Pain),37.762886665856250,-122.42856049095296,Castro/Upper Market,NOT AVAILABLE,NOT AVAILABLE,NOT AVAILABLE,NOT AVAILABLE,NOT AVAILABLE,NOT AVAILABLE,NOT AVAILABLE,NOT AVAILABLE,NOT AVAILABLE,NOT AVAILABLE
2025-12-25T13:29:00.000,Clear,Daylight,Wet,No Unusual Condition,Broadside,Injury (Complaint of Pain),37.728584445869920,-122.40139458779598,Bayview Hunters Point,NOT AVAILABLE,NOT AVAILABLE,NOT AVAILABLE,NOT AVAILABLE,NOT AVAILABLE,NOT AVAILABLE,NOT AVAILABLE,NOT AVAILABLE,NOT AVAILABLE,NOT AVAILABLE
2025-12-25T15:13:00.000,Clear,Daylight,Dry,No Unusual Condition,Sideswipe,Injury (Other Visible),37.784934685673981,-122.41224265282624,Tenderloin,NOT AVAILABLE,NOT AVAILABLE,NOT AVAILABLE,NOT AVAILABLE,NOT AVAILABLE,NOT AVAILABLE,NOT AVAILABLE,NOT AVAILABLE,NOT AVAILABLE,NOT AVAILABLE
2025-12-26T11:31:00.000,Cloudy,Daylight,Wet,No Unusual Condition,Rear End,Injury (Complaint of Pain),37.777151873556086,-122.40104821823444,South of Market,NOT AVAILABLE,NOT AVAILABLE,NOT AVAILABLE,NOT AVAILABLE,NOT AVAILABLE,NOT AVAILABLE,NOT AVAILABLE,NOT AVAILABLE,NOT AVAILABLE,NOT AVAILABLE
2025-12-26T12:45:00.000,Cloudy,Daylight,Wet,No Unusual Condition,Broadside,Injury (Complaint of Pain),37.775889703330584,-122.41512795280786,South of Market,NOT AVAILABLE,NOT AVAILABLE,NOT AVAILABLE,NOT AVAILABLE,NOT AVAILABLE,NOT AVAILABLE,NOT AVAILABLE,NOT AVAILABLE,NOT AVAILABLE,NOT AVAILABLE
2025-12-26T12:47:00.000,Clear,Daylight,Dry,No Unusual Condition,Rear End,Injury (Complaint of Pain),37.718437489023714,-122.43943812999100,Excelsior,NOT AVAILABLE,NOT AVAILABLE,NOT AVAILABLE,NOT AVAILABLE,NOT AVAILABLE,NOT AVAILABLE,NOT AVAILABLE,NOT AVAILABLE,NOT AVAILABLE,NOT AVAILABLE
2025-12-26T15:46:00.000,Raining,Daylight,Wet,No Unusual Condition,Rear End,Injury (Complaint of Pain),37.779738905774195,-122.40715948840257,South of Market,NOT AVAILABLE,NOT AVAILABLE,NOT AVAILABLE,NOT AVAILABLE,NOT AVAILABLE,NOT AVAILABLE,NOT AVAILABLE,NOT AVAILABLE,NOT AVAILABLE,NOT AVAILABLE
2025-12-26T15:46:00.000,Raining,Daylight,Wet,No Unusual Condition,Rear End,Injury (Complaint of Pain),37.779738905774195,-122.40715948840257,South of Market,NOT AVAILABLE,NOT AVAILABLE,NOT AVAILABLE,NOT AVAILABLE,NOT AVAILABLE,NOT AVAILABLE,NOT AVAILABLE,NOT AVAILABLE,NOT AVAILABLE,NOT AVAILABLE
2025-12-26T23:03:00.000,Clear,Dark - Street Lights,Dry,"Holes, Deep Rut",Overturned,Injury (Other Visible),37.716650149444789,-122.39982814333277,Visitacion Valley,NOT AVAILABLE,NOT AVAILABLE,NOT AVAILABLE,NOT AVAILABLE,NOT AVAILABLE,NOT AVAILABLE,NOT AVAILABLE,NOT AVAILABLE,NOT AVAILABLE,NOT AVAILABLE
2025-12-27T00:42:00.000,Clear,Dark - Street Lights,Dry,No Unusual Condition,Broadside,Injury (Other Visible),37.787741165355150,-122.43529313218482,Pacific Heights,NOT AVAILABLE,NOT AVAILABLE,NOT AVAILABLE,NOT AVAILABLE,NOT AVAILABLE,NOT AVAILABLE,NOT AVAILABLE,NOT AVAILABLE,NOT AVAILABLE,NOT AVAILABLE
2025-12-27T01:06:00.000,Cloudy,Dark - Street Lights,Wet,No Unusual Condition,Rear End,Injury (Other Visible),37.799015372677864,-122.42786083679844,Marina,NOT AVAILABLE,NOT AVAILABLE,NOT AVAILABLE,NOT AVAILABLE,NOT AVAILABLE,NOT AVAILABLE,NOT AVAILABLE,NOT AVAILABLE,NOT AVAILABLE,NOT AVAILABLE
2025-12-27T01:51:00.000,Clear,Dark - Street Lights,Wet,Other,Broadside,Injury (Other Visible),37.777919295554312,-122.42984920052754,Western Addition,NOT AVAILABLE,NOT AVAILABLE,NOT AVAILABLE,NOT AVAILABLE,NOT AVAILABLE,NOT AVAILABLE,NOT AVAILABLE,NOT AVAILABLE,NOT AVAILABLE,NOT AVAILABLE
2025-12-27T04:41:00.000,Clear,Dark - Street Lights,Dry,No Unusual Condition,Sideswipe,Injury (Complaint of Pain),37.787641848045560,-122.40343080084712,Financial District/South Beach,NOT AVAILABLE,NOT AVAILABLE,NOT AVAILABLE,NOT AVAILABLE,NOT AVAILABLE,NOT AVAILABLE,NOT AVAILABLE,NOT AVAILABLE,NOT AVAILABLE,NOT AVAILABLE
2025-12-27T09:10:00.000,Clear,Daylight,Dry,No Unusual Condition,Vehicle/Pedestrian,Injury (Severe),37.744714356703838,-122.40437559114847,Bernal Heights,NOT AVAILABLE,NOT AVAILABLE,NOT AVAILABLE,NOT AVAILABLE,NOT AVAILABLE,NOT AVAILABLE,NOT AVAILABLE,NOT AVAILABLE,NOT AVAILABLE,NOT AVAILABLE
2025-12-27T10:13:00.000,Clear,Daylight,Dry,No Unusual Condition,Broadside,Injury (Other Visible),37.785058872430760,-122.45913370476639,Presidio Heights,NOT AVAILABLE,NOT AVAILABLE,NOT AVAILABLE,NOT AVAILABLE,NOT AVAILABLE,NOT AVAILABLE,NOT AVAILABLE,NOT AVAILABLE,NOT AVAILABLE,NOT AVAILABLE
2025-12-27T12:49:00.000,Clear,Daylight,Dry,No Unusual Condition,Sideswipe,Injury (Complaint of Pain),37.775349700042248,-122.42941396595765,Hayes Valley,NOT AVAILABLE,NOT AVAILABLE,NOT AVAILABLE,NOT AVAILABLE,NOT AVAILABLE,NOT AVAILABLE,NOT AVAILABLE,NOT AVAILABLE,NOT AVAILABLE,NOT AVAILABLE
2025-12-27T13:11:00.000,Clear,Daylight,Dry,No Unusual Condition,Hit Object,Injury (Severe),37.764473975397657,-122.42184397948675,Mission,NOT AVAILABLE,NOT AVAILABLE,NOT AVAILABLE,NOT AVAILABLE,NOT AVAILABLE,NOT AVAILABLE,NOT AVAILABLE,NOT AVAILABLE,NOT AVAILABLE,NOT AVAILABLE
2025-12-27T13:49:00.000,Clear,Daylight,Dry,No Unusual Condition,Broadside,Injury (Complaint of Pain),37.760874016981944,-122.49574937890355,Sunset/Parkside,NOT AVAILABLE,NOT AVAILABLE,NOT AVAILABLE,NOT AVAILABLE,NOT AVAILABLE,NOT AVAILABLE,NOT AVAILABLE,NOT AVAILABLE,NOT AVAILABLE,NOT AVAILABLE
2025-12-27T14:00:00.000,Clear,Daylight,Dry,No Unusual Condition,Vehicle/Pedestrian,Injury (Complaint of Pain),37.756445058792245,-122.46792878447538,Inner Sunset,NOT AVAILABLE,NOT AVAILABLE,NOT AVAILABLE,NOT AVAILABLE,NOT AVAILABLE,NOT AVAILABLE,NOT AVAILABLE,NOT AVAILABLE,NOT AVAILABLE,NOT AVAILABLE
2025-12-27T14:07:00.000,Clear,Daylight,Dry,No Unusual Condition,Sideswipe,Injury (Other Visible),37.736036342716893,-122.39453819451822,Bayview Hunters Point,NOT AVAILABLE,NOT AVAILABLE,NOT AVAILABLE,NOT AVAILABLE,NOT AVAILABLE,NOT AVAILABLE,NOT AVAILABLE,NOT AVAILABLE,NOT AVAILABLE,NOT AVAILABLE
2025-12-28T01:25:00.000,Clear,Dark - Street Lights,Dry,No Unusual Condition,Rear End,Injury (Complaint of Pain),37.785870354831530,-122.39316789564842,Financial District/South Beach,NOT AVAILABLE,NOT AVAILABLE,NOT AVAILABLE,NOT AVAILABLE,NOT AVAILABLE,NOT AVAILABLE,NOT AVAILABLE,NOT AVAILABLE,NOT AVAILABLE,NOT AVAILABLE
2025-12-28T19:10:00.000,Clear,Dark - Street Lights,Slippery,Loose Material on Roadway,Overturned,Injury (Complaint of Pain),37.766125994242266,-122.48754352431172,Golden Gate Park,NOT AVAILABLE,NOT AVAILABLE,NOT AVAILABLE,NOT AVAILABLE,NOT AVAILABLE,NOT AVAILABLE,NOT AVAILABLE,NOT AVAILABLE,NOT AVAILABLE,NOT AVAILABLE
2025-12-29T01:45:00.000,Clear,Dark - Street Lights,Dry,No Unusual Condition,Rear End,Injury (Complaint of Pain),37.779560487906252,-122.41049491939573,South of Market,NOT AVAILABLE,NOT AVAILABLE,NOT AVAILABLE,NOT AVAILABLE,NOT AVAILABLE,NOT AVAILABLE,NOT AVAILABLE,NOT AVAILABLE,NOT AVAILABLE,NOT AVAILABLE
2025-12-29T03:00:00.000,Clear,Dark - Street Lights,Dry,No Unusual Condition,Vehicle/Pedestrian,Injury (Severe),37.752277807915682,-122.41844884058835,Mission,NOT AVAILABLE,NOT AVAILABLE,NOT AVAILABLE,NOT AVAILABLE,NOT AVAILABLE,NOT AVAILABLE,NOT AVAILABLE,NOT AVAILABLE,NOT AVAILABLE,NOT AVAILABLE
2025-12-29T06:20:00.000,Clear,Dark - Street Lights,Dry,No Unusual Condition,Rear End,Injury (Other Visible),37.798018271241610,-122.39675308460538,Financial District/South Beach,NOT AVAILABLE,NOT AVAILABLE,NOT AVAILABLE,NOT AVAILABLE,NOT AVAILABLE,NOT AVAILABLE,NOT AVAILABLE,NOT AVAILABLE,NOT AVAILABLE,NOT AVAILABLE
2025-12-29T08:00:00.000,Clear,Daylight,Dry,No Unusual Condition,Other,Injury (Other Visible),37.783060754926261,-122.41917348738251,Tenderloin,NOT AVAILABLE,NOT AVAILABLE,NOT AVAILABLE,NOT AVAILABLE,NOT AVAILABLE,NOT AVAILABLE,NOT AVAILABLE,NOT AVAILABLE,NOT AVAILABLE,NOT AVAILABLE
2025-12-29T13:25:00.000,Clear,Daylight,Dry,No Unusual Condition,Hit Object,Injury (Other Visible),37.801614468256439,-122.39994623244314,Financial District/South Beach,NOT AVAILABLE,NOT AVAILABLE,NOT AVAILABLE,NOT AVAILABLE,NOT AVAILABLE,NOT AVAILABLE,NOT AVAILABLE,NOT AVAILABLE,NOT AVAILABLE,NOT AVAILABLE
2025-12-29T13:36:00.000,Clear,Daylight,Dry,No Unusual Condition,Sideswipe,Injury (Other Visible),37.781484509832545,-122.43188450534086,Western Addition,NOT AVAILABLE,NOT AVAILABLE,NOT AVAILABLE,NOT AVAILABLE,NOT AVAILABLE,NOT AVAILABLE,NOT AVAILABLE,NOT AVAILABLE,NOT AVAILABLE,NOT AVAILABLE
2025-12-29T19:22:00.000,Clear,Dark - Street Lights,Dry,No Unusual Condition,Rear End,Injury (Complaint of Pain),37.776551349978227,-122.40759763467076,South of Market,NOT AVAILABLE,NOT AVAILABLE,NOT AVAILABLE,NOT AVAILABLE,NOT AVAILABLE,NOT AVAILABLE,NOT AVAILABLE,NOT AVAILABLE,NOT AVAILABLE,NOT AVAILABLE
2025-12-29T19:25:00.000,Clear,Dark - Street Lights,Dry,No Unusual Condition,Sideswipe,Injury (Other Visible),37.781342292341577,-122.45576923262577,Lone Mountain/USF,NOT AVAILABLE,NOT AVAILABLE,NOT AVAILABLE,NOT AVAILABLE,NOT AVAILABLE,NOT AVAILABLE,NOT AVAILABLE,NOT AVAILABLE,NOT AVAILABLE,NOT AVAILABLE
2025-12-30T12:26:00.000,Clear,Daylight,Dry,No Unusual Condition,Not Stated,Injury (Complaint of Pain),37.799629753902366,-122.39778620814911,Financial District/South Beach,NOT AVAILABLE,NOT AVAILABLE,NOT AVAILABLE,NOT AVAILABLE,NOT AVAILABLE,NOT AVAILABLE,NOT AVAILABLE,NOT AVAILABLE,NOT AVAILABLE,NOT AVAILABLE
2025-12-30T14:12:00.000,Cloudy,Daylight,Dry,No Unusual Condition,Broadside,Injury (Severe),37.772750570770285,-122.42551533875179,Hayes Valley,NOT AVAILABLE,NOT AVAILABLE,NOT AVAILABLE,NOT AVAILABLE,NOT AVAILABLE,NOT AVAILABLE,NOT AVAILABLE,NOT AVAILABLE,NOT AVAILABLE,NOT AVAILABLE
2025-12-30T16:36:00.000,Clear,Daylight,Dry,No Unusual Condition,Not Stated,Injury (Complaint of Pain),37.785199751443038,-122.41790791432550,Tenderloin,NOT AVAILABLE,NOT AVAILABLE,NOT AVAILABLE,NOT AVAILABLE,NOT AVAILABLE,NOT AVAILABLE,NOT AVAILABLE,NOT AVAILABLE,NOT AVAILABLE,NOT AVAILABLE
2025-12-31T08:15:00.000,Cloudy,Daylight,Dry,No Unusual Condition,Broadside,Injury (Other Visible),37.785089928709368,-122.41851626419940,Tenderloin,NOT AVAILABLE,NOT AVAILABLE,NOT AVAILABLE,NOT AVAILABLE,NOT AVAILABLE,NOT AVAILABLE,NOT AVAILABLE,NOT AVAILABLE,NOT AVAILABLE,NOT AVAILABLE
2025-12-31T10:21:00.000,Clear,Daylight,Wet,No Unusual Condition,Not Stated,Injury (Complaint of Pain),,,,NOT AVAILABLE,NOT AVAILABLE,NOT AVAILABLE,NOT AVAILABLE,NOT AVAILABLE,NOT AVAILABLE,NOT AVAILABLE,NOT AVAILABLE,NOT AVAILABLE,NOT AVAILABLE
2025-12-31T15:36:00.000,Raining,Daylight,Wet,No Unusual Condition,Broadside,Injury (Complaint of Pain),37.727457484330700,-122.42730210838782,Excelsior,NOT AVAILABLE,NOT AVAILABLE,NOT AVAILABLE,NOT AVAILABLE,NOT AVAILABLE,NOT AVAILABLE,NOT AVAILABLE,NOT AVAILABLE,NOT AVAILABLE,NOT AVAILABLE
2025-12-31T17:17:00.000,Raining,Dark - Street Lights,Wet,No Unusual Condition,Broadside,Injury (Complaint of Pain),37.760485264002900,-122.40999715858727,Mission,NOT AVAILABLE,NOT AVAILABLE,NOT AVAILABLE,NOT AVAILABLE,NOT AVAILABLE,NOT AVAILABLE,NOT AVAILABLE,NOT AVAILABLE,NOT AVAILABLE,NOT AVAILABLE
2025-12-31T18:26:00.000,Raining,Dark - Street Lights,Wet,No Unusual Condition,Broadside,Injury (Complaint of Pain),37.730742173467945,-122.42930439746057,Outer Mission,NOT AVAILABLE,NOT AVAILABLE,NOT AVAILABLE,NOT AVAILABLE,NOT AVAILABLE,NOT AVAILABLE,NOT AVAILABLE,NOT AVAILABLE,NOT AVAILABLE,NOT AVAILABLE
2025-12-31T18:57:00.000,Raining,Dark - Street Lights,Wet,No Unusual Condition,Sideswipe,Injury (Complaint of Pain),37.770111449347652,-122.42000832098174,Mission,NOT AVAILABLE,NOT AVAILABLE,NOT AVAILABLE,NOT AVAILABLE,NOT AVAILABLE,NOT AVAILABLE,NOT AVAILABLE,NOT AVAILABLE,NOT AVAILABLE,NOT AVAILABLE
2025-12-31T19:12:00.000,Raining,Dark - Street Lights,Wet,No Unusual Condition,Sideswipe,Injury (Complaint of Pain),37.725761791089283,-122.43398235633630,Outer Mission,NOT AVAILABLE,NOT AVAILABLE,NOT AVAILABLE,NOT AVAILABLE,NOT AVAILABLE,NOT AVAILABLE,NOT AVAILABLE,NOT AVAILABLE,NOT AVAILABLE,NOT AVAILABLE
2025-12-31T23:48:00.000,Raining,Dark - Street Lights,Wet,No Unusual Condition,Rear End,Injury (Complaint of Pain),37.784095450145593,-122.39227332687217,Financial District/South Beach,NOT AVAILABLE,NOT AVAILABLE,NOT AVAILABLE,NOT AVAILABLE,NOT AVAILABLE,NOT AVAILABLE,NOT AVAILABLE,NOT AVAILABLE,NOT AVAILABLE,NOT AVAILABLE
2026-01-01T02:10:00.000,Raining,Dark - Street Lights,Wet,No Unusual Condition,Other,Injury (Other Visible),37.755655906974482,-122.41876859530096,Mission,NOT AVAILABLE,NOT AVAILABLE,NOT AVAILABLE,NOT AVAILABLE,NOT AVAILABLE,NOT AVAILABLE,NOT AVAILABLE,NOT AVAILABLE,NOT AVAILABLE,NOT AVAILABLE
2026-01-01T02:13:00.000,Raining,Dark - Street Lights,Wet,Other,Vehicle/Pedestrian,Injury (Other Visible),37.800032923358842,-122.43443007306149,Marina,NOT AVAILABLE,NOT AVAILABLE,NOT AVAILABLE,NOT AVAILABLE,NOT AVAILABLE,NOT AVAILABLE,NOT AVAILABLE,NOT AVAILABLE,NOT AVAILABLE,NOT AVAILABLE
2026-01-01T06:18:00.000,Raining,Dark - Street Lights,Wet,No Unusual Condition,Broadside,Injury (Other Visible),37.785292290019740,-122.42476781723352,Western Addition,NOT AVAILABLE,NOT AVAILABLE,NOT AVAILABLE,NOT AVAILABLE,NOT AVAILABLE,NOT AVAILABLE,NOT AVAILABLE,NOT AVAILABLE,NOT AVAILABLE,NOT AVAILABLE
2026-01-01T14:27:00.000,Clear,Daylight,Wet,No Unusual Condition,Rear End,Injury (Complaint of Pain),37.758444594095728,-122.46591998535943,Inner Sunset,NOT AVAILABLE,NOT AVAILABLE,NOT AVAILABLE,NOT AVAILABLE,NOT AVAILABLE,NOT AVAILABLE,NOT AVAILABLE,NOT AVAILABLE,NOT AVAILABLE,NOT AVAILABLE
2026-01-01T15:27:00.000,Raining,Daylight,Wet,No Unusual Condition,Broadside,Injury (Complaint of Pain),37.780496260652043,-122.43214038959233,Western Addition,NOT AVAILABLE,NOT AVAILABLE,NOT AVAILABLE,NOT AVAILABLE,NOT AVAILABLE,NOT AVAILABLE,NOT AVAILABLE,NOT AVAILABLE,NOT AVAILABLE,NOT AVAILABLE
2026-01-01T17:33:00.000,Raining,Dark - Street Lights,Wet,No Unusual Condition,Vehicle/Pedestrian,Injury (Other Visible),37.779333158548170,-122.45873162243848,Lone Mountain/USF,NOT AVAILABLE,NOT AVAILABLE,NOT AVAILABLE,NOT AVAILABLE,NOT AVAILABLE,NOT AVAILABLE,NOT AVAILABLE,NOT AVAILABLE,NOT AVAILABLE,NOT AVAILABLE
2026-01-02T08:35:00.000,Clear,Daylight,Wet,No Unusual Condition,Broadside,Injury (Other Visible),37.758192866313337,-122.44378216670397,Castro/Upper Market,NOT AVAILABLE,NOT AVAILABLE,NOT AVAILABLE,NOT AVAILABLE,NOT AVAILABLE,NOT AVAILABLE,NOT AVAILABLE,NOT AVAILABLE,NOT AVAILABLE,NOT AVAILABLE
2026-01-02T10:50:00.000,Cloudy,Daylight,Wet,No Unusual Condition,Other,Injury (Other Visible),37.780265191910466,-122.41271322807468,South of Market,NOT AVAILABLE,NOT AVAILABLE,NOT AVAILABLE,NOT AVAILABLE,NOT AVAILABLE,NOT AVAILABLE,NOT AVAILABLE,NOT AVAILABLE,NOT AVAILABLE,NOT AVAILABLE
2026-01-02T14:54:00.000,Cloudy,Not Stated,Dry,No Unusual Condition,Rear End,Injury (Complaint of Pain),37.777799011600990,-122.40029775920711,South of Market,NOT AVAILABLE,NOT AVAILABLE,NOT AVAILABLE,NOT AVAILABLE,NOT AVAILABLE,NOT AVAILABLE,NOT AVAILABLE,NOT AVAILABLE,NOT AVAILABLE,NOT AVAILABLE